0,,1,,2,,3,,4,,5,,6,,7,,8,,9,,10,,11,,
Wavelength (nm),Intensity (a.u.),Wavelength (nm),Intensity (a.u.),Wavelength (nm),Intensity (a.u.),Wavelength (nm),Intensity (a.u.),Wavelength (nm),Intensity (a.u.),Wavelength (nm),Intensity (a.u.),Wavelength (nm),Intensity (a.u.),Wavelength (nm),Intensity (a.u.),Wavelength (nm),Intensity (a.u.),Wavelength (nm),Intensity (a.u.),Wavelength (nm),Intensity (a.u.),Wavelength (nm),Intensity (a.u.),
360,12.05668354,360,9.221370697,360,6.915207863,360,4.387125969,360,3.103674412,360,1.373466969,360,0.7410151958,360,0.4910292923,360,0.4761468768,360,0.5568570495,360,0.3731416762,360,0.36944139,
361.0700073,10.94570065,361.0700073,8.712413788,361.0700073,6.60938549,361.0700073,4.127270222,361.0700073,3.333272219,361.0700073,1.545915604,361.0700073,0.7459610105,361.0700073,0.5697446465,361.0700073,0.4035512507,361.0700073,0.2719661295,361.0700073,0.3246319294,361.0700073,0.3693982661,
362,10.75414085,362,8.580935478,362,6.686758041,362,4.437814236,362,2.618738174,362,1.559371591,362,0.8975838423,362,0.3142677546,362,0.4782224596,362,0.4069176018,362,0.5251692533,362,0.3425439596,
363.0700073,10.46276951,363.0700073,8.024572372,363.0700073,6.32376194,363.0700073,4.014222145,363.0700073,2.790302277,363.0700073,1.204291701,363.0700073,0.6442292929,363.0700073,0.4202242494,363.0700073,0.419271946,363.0700073,0.317004472,363.0700073,0.4364989102,363.0700073,0.3002214134,
364,9.699074745,364,7.881182194,364,6.287196159,364,3.89998126,364,2.369935513,364,1.122975707,364,0.7328550816,364,0.4556846619,364,0.2429497838,364,0.2442920208,364,0.2656496167,364,0.1888395846,
365.0700073,9.989744186,365.0700073,7.328335762,365.0700073,5.664398193,365.0700073,3.454133749,365.0700073,2.433421612,365.0700073,1.204421401,365.0700073,0.4934567809,365.0700073,0.2811674178,365.0700073,0.3200722933,365.0700073,0.2507184148,365.0700073,0.2636932135,365.0700073,0.3251597285,
366,8.99597168,366,7.584845543,366,5.314073086,366,3.470043898,366,2.221191883,366,1.039681196,366,0.5792176723,366,0.4319167733,366,0.3026348054,366,0.2673388124,366,0.19987607,366,0.3519061804,
367.0700073,8.720523834,367.0700073,6.465733528,367.0700073,5.225022793,367.0700073,3.182336092,367.0700073,1.915338159,367.0700073,0.9551456571,367.0700073,0.5647484064,367.0700073,0.2696040571,367.0700073,0.4026073813,367.0700073,0.09746208787,367.0700073,0.3444250822,367.0700073,0.1927413493,
368,8.111401558,368,6.728044987,368,5.151426315,368,3.383899689,368,1.854565024,368,1.009139299,368,0.6175460219,368,0.4179728329,368,0.2331500649,368,0.2333223075,368,0.1321877092,368,0.07884414494,
369.0700073,8.24376297,369.0700073,6.384857178,369.0700073,4.771616936,369.0700073,3.14092803,369.0700073,1.772449374,369.0700073,1.092491031,369.0700073,0.6692928672,369.0700073,0.3310742378,369.0700073,0.2785411775,369.0700073,0.2340047956,369.0700073,0.2244333029,369.0700073,0.172844246,
370,8.342658997,370,6.693858624,370,5.089253426,370,3.039339304,370,1.795511246,370,0.9099353552,370,0.652186811,370,0.401521951,370,0.2697859108,370,0.3053726256,370,0.2328514606,370,0.2110271305,
371.0700073,9.022147179,371.0700073,6.474431992,371.0700073,4.694308758,371.0700073,3.201999187,371.0700073,1.973339796,371.0700073,1.038152099,371.0700073,0.5187020898,371.0700073,0.5195531845,371.0700073,0.2020528615,371.0700073,0.1946775168,371.0700073,0.1537308544,371.0700073,0.1977144331,
372,8.303606987,372,6.61281395,372,4.604152679,372,2.942563534,372,1.848792434,372,0.6595538855,372,0.5733944774,372,0.2382417768,372,0.2536189556,372,0.1385041475,372,0.2040324211,372,0.2134637535,
373.0700073,8.264787674,373.0700073,6.454623222,373.0700073,5.215293407,373.0700073,2.826091051,373.0700073,1.791875601,373.0700073,0.9222376943,373.0700073,0.4749962091,373.0700073,0.3729658723,373.0700073,0.206980899,373.0700073,0.06091494113,373.0700073,0.2464268208,373.0700073,0.2352664471,
374,8.33528614,374,6.485057354,374,4.802226543,374,2.999652386,374,1.711105227,374,0.9115408659,374,0.4949711263,374,0.4717689157,374,0.2576962113,374,0.3186425865,374,0.168855533,374,0.09566996992,
375.0700073,8.273070335,375.0700073,6.349768162,375.0700073,4.73762989,375.0700073,3.061186314,375.0700073,1.801318407,375.0700073,0.850626111,375.0700073,0.5067995787,375.0700073,0.4814265668,375.0700073,0.1697184443,375.0700073,0.2731014788,375.0700073,0.2704791129,375.0700073,0.238820225,
376,8.286815643,376,6.18560791,376,4.598788738,376,3.230184078,376,1.655286551,376,0.943187952,376,0.5953798294,376,0.5012066364,376,0.1162115112,376,0.175387308,376,0.076751858,376,0.03963142633,
377.0700073,8.811095238,377.0700073,6.25347662,377.0700073,4.54339838,377.0700073,3.038925409,377.0700073,1.529762626,377.0700073,1.00760448,377.0700073,0.5788600445,377.0700073,0.3567740321,377.0700073,0.1820167601,377.0700073,0.1594673842,377.0700073,0.152203694,377.0700073,0.07879599184,
378,8.628448486,378,5.89891386,378,4.331022263,378,2.743325233,378,1.425140977,378,0.916661799,378,0.3652230799,378,0.6009505987,378,0.1916039139,378,0.2017674893,378,0.1352238953,378,0.1848087311,
379.0700073,8.635302544,379.0700073,6.322341919,379.0700073,4.437959671,379.0700073,2.491906166,379.0700073,1.572915912,379.0700073,0.6491079926,379.0700073,0.4051082432,379.0700073,0.5222841501,379.0700073,0.09510947019,379.0700073,0.2112337947,379.0700073,0.1389274895,379.0700073,0.136994347,
380,9.184960365,380,6.170300484,380,4.315967083,380,2.64150238,380,1.566488743,380,0.9293320179,380,0.3226786256,380,0.5608862042,380,0.1170617491,380,0.2481436878,380,0.07842829823,380,-0.01959324442,
381.0700073,9.338796616,381.0700073,6.463582516,381.0700073,4.299458027,381.0700073,2.796636581,381.0700073,1.590511918,381.0700073,0.7970191836,381.0700073,0.5239083767,381.0700073,0.598074913,381.0700073,0.1662786752,381.0700073,0.09595640004,381.0700073,0.1925928742,381.0700073,0.1345300078,
382,9.384755135,382,6.78746748,382,4.505790234,382,2.702702761,382,1.508756518,382,0.8102578521,382,0.4509184957,382,0.42817384,382,0.1516415179,382,0.1743172556,382,0.165957883,382,0.2062366009,
383.0700073,9.482363701,383.0700073,6.197293758,383.0700073,4.320044994,383.0700073,2.679672956,383.0700073,1.660571337,383.0700073,1.06233716,383.0700073,0.4137767851,383.0700073,0.3805754185,383.0700073,0.03901753575,383.0700073,0.2078373581,383.0700073,0.3623407185,383.0700073,0.118175365,
384,9.460645676,384,6.529977322,384,4.36164999,384,2.591359615,384,1.496891022,384,1.040378451,384,0.5166574121,384,0.485603869,384,0.1560062319,384,0.1924372166,384,0.1724501401,384,0.01943785697,
385.0700073,10.18794632,385.0700073,6.596565723,385.0700073,4.280769348,385.0700073,2.854877234,385.0700073,1.571423173,385.0700073,1.007892013,385.0700073,0.5,385.0700073,0.3244514763,385.0700073,0.1174053401,385.0700073,0.2362902462,385.0700073,0.2235636115,385.0700073,0.1165297404,
386,10.03436947,386,6.546810627,386,4.517517567,386,2.561645746,386,1.575161815,386,0.9813731313,386,0.5897037983,386,0.443852663,386,0.3227582574,386,0.1900093108,386,0.1371043622,386,0.01937008463,
387.0700073,10.33125305,387.0700073,6.899034023,387.0700073,4.502910137,387.0700073,2.616224289,387.0700073,1.83276999,387.0700073,1.103319287,387.0700073,0.5427092314,387.0700073,0.419044584,387.0700073,0.2003566325,387.0700073,0.4094365239,387.0700073,0.2538219988,387.0700073,0.1718803644,
388,10.47734451,388,7.135204792,388,4.529882431,388,2.744670391,388,1.781543255,388,1.092607975,388,0.5704506636,388,0.5653443933,388,0.3103602231,388,0.516341269,388,0.2163522989,388,0.2701138556,
389.0700073,11.20381927,389.0700073,7.069015026,389.0700073,4.876389027,389.0700073,2.850648403,389.0700073,1.92775774,389.0700073,1.168201923,389.0700073,0.6998165846,389.0700073,0.6536924243,389.0700073,0.2815032303,389.0700073,0.6822881699,389.0700073,0.2680246532,389.0700073,0.4085050821,
390,11.71661568,390,7.314461231,390,5.132862568,390,3.226935148,390,2.095248699,390,1.382666826,390,0.9890805483,390,0.7742784619,390,0.3760176003,390,0.5702663064,390,0.4996702075,390,0.3696174622,
391.0700073,11.69458866,391.0700073,7.933796406,391.0700073,5.349126339,391.0700073,3.406591177,391.0700073,2.451766253,391.0700073,1.607055306,391.0700073,1.135096431,391.0700073,0.8314279914,391.0700073,0.5348653197,391.0700073,0.9552029371,391.0700073,0.7458731532,391.0700073,0.7015680671,
392,12.67729568,392,8.151902199,392,5.495907784,392,3.621447802,392,2.596270561,392,1.969572186,392,1.559970021,392,1.190746188,392,1.018369079,392,1.222373366,392,1.01733458,392,0.8703392148,
393.0700073,13.31424809,393.0700073,8.34528923,393.0700073,5.795285702,393.0700073,4.34024477,393.0700073,2.974020481,393.0700073,2.519982576,393.0700073,1.705875397,393.0700073,1.46671164,393.0700073,1.183031917,393.0700073,1.334261537,393.0700073,1.308120012,393.0700073,1.1358428,
394,13.335145,394,8.778374672,394,6.422109604,394,4.526874542,394,3.309248209,394,2.731353283,394,2.276737452,394,1.545391202,394,1.52053678,394,1.504618526,394,1.34093821,394,1.332472801,
395.0700073,14.3239603,395.0700073,9.784659386,395.0700073,6.867001057,395.0700073,5.077753067,395.0700073,3.656126499,395.0700073,3.152732372,395.0700073,2.357249975,395.0700073,1.934610248,395.0700073,1.723557234,395.0700073,1.886829972,395.0700073,1.820988894,395.0700073,1.654565692,
396,15.19479275,396,10.43363571,396,7.473222256,396,5.557996273,396,3.574500561,396,3.174288273,396,2.487282991,396,2.052363873,396,1.997771621,396,1.912009358,396,1.763144374,396,1.787602067,
397.0700073,15.77454758,397.0700073,10.65314388,397.0700073,7.800222397,397.0700073,5.401606083,397.0700073,4.064962387,397.0700073,3.325347185,397.0700073,2.667189598,397.0700073,2.242990732,397.0700073,1.940106392,397.0700073,1.917470455,397.0700073,2.060386658,397.0700073,1.637778163,
398,16.66531563,398,11.40661907,398,7.781348228,398,5.313869953,398,4.549348354,398,3.622910738,398,2.629461765,398,2.531595945,398,1.972775698,398,2.060349464,398,1.943615794,398,1.542752028,
399.0700073,18.46001244,399.0700073,11.74296665,399.0700073,8.07233429,399.0700073,5.536291122,399.0700073,4.562027454,399.0700073,3.560734987,399.0700073,2.711507082,399.0700073,2.335292578,399.0700073,1.684029102,399.0700073,1.743983269,399.0700073,1.734787226,399.0700073,1.623794556,
400,18.35059929,400,12.3202486,400,8.536960602,400,5.7506423,400,4.613318443,400,3.319648743,400,2.532341242,400,2.302079678,400,1.327521324,400,1.610685468,400,1.475265384,400,1.590625405,
401.0700073,18.83463097,401.0700073,13.58111477,401.0700073,8.718902588,401.0700073,6.316628456,401.0700073,5.013010979,401.0700073,3.418077469,401.0700073,2.595262527,401.0700073,1.733375311,401.0700073,1.435248971,401.0700073,1.46517396,401.0700073,1.197901607,401.0700073,1.262246728,
402,21.36365509,402,12.81448174,402,9.260876656,402,6.444009304,402,4.830546379,402,3.737080812,402,2.760915995,402,1.748047948,402,1.283747077,402,0.8386316299,402,1.013074398,402,0.9668270946,
403.0700073,22.56872368,403.0700073,14.21782112,403.0700073,10.09759712,403.0700073,7.365290165,403.0700073,5.49159193,403.0700073,3.869246244,403.0700073,2.34666872,403.0700073,1.451523185,403.0700073,1.057741404,403.0700073,0.9109939337,403.0700073,0.9231433868,403.0700073,0.5962521434,
404,25.35728836,404,15.69951153,404,10.67491817,404,7.667441845,404,5.539601803,404,4.324324608,404,2.776194572,404,1.735240817,404,0.7405016422,404,0.6978630424,404,0.52238518,404,0.3415369093,
405.0700073,27.03231049,405.0700073,16.90107918,405.0700073,11.72120857,405.0700073,8.476899147,405.0700073,6.315310478,405.0700073,4.610289574,405.0700073,3.116330385,405.0700073,1.645469069,405.0700073,0.7829208374,405.0700073,0.7281314731,405.0700073,0.4963115156,405.0700073,0.5541152954,
406,29.54708862,406,18.49733925,406,12.94454575,406,9.09176445,406,7.084675312,406,5.219913006,406,3.081162691,406,1.593288064,406,0.8006557226,406,0.5847732425,406,0.3061439097,406,0.2986679375,
407.0700073,33.18808746,407.0700073,20.36199188,407.0700073,14.81336021,407.0700073,10.38596821,407.0700073,8.008395195,407.0700073,6.308153152,407.0700073,3.921799421,407.0700073,2.105059862,407.0700073,0.7626999617,407.0700073,0.5796450973,407.0700073,0.4477669895,407.0700073,0.3108425736,
408,36.6398201,408,22.4265213,408,16.00294876,408,12.286376,408,9.018598557,408,6.831458569,408,4.325466156,408,2.079967499,408,0.8954867125,408,0.6897323132,408,0.2525939345,408,0.09565350413,
409.0700073,40.78395081,409.0700073,25.75275612,409.0700073,18.85756111,409.0700073,13.8612709,409.0700073,10.35151958,409.0700073,7.956504822,409.0700073,4.523683071,409.0700073,2.58643651,409.0700073,1.014761806,409.0700073,0.608161509,409.0700073,0.3746056855,409.0700073,0.2203525603,
410,44.71321106,410,28.72574043,410,21.11012077,410,15.74553967,410,12.15010166,410,8.697196007,410,5.536799431,410,2.886188745,410,0.9193935394,410,0.5663048625,410,0.4113775194,410,0.1768833101,
411.0700073,50.82703781,411.0700073,32.24856186,411.0700073,23.39169312,411.0700073,17.79818344,411.0700073,13.56865597,411.0700073,9.983519554,411.0700073,6.189229965,411.0700073,2.763895035,411.0700073,1.287764192,411.0700073,0.4708009362,411.0700073,0.3744506538,411.0700073,0.232937336,
412,55.78073883,412,35.69619751,412,26.00152588,412,19.81710052,412,15.49568558,412,11.20709801,412,6.936704636,412,3.454960585,412,1.271431327,412,0.8420569301,412,0.3533499539,412,0.3355704844,
413.0700073,62.01333237,413.0700073,40.45310593,413.0700073,29.28143311,413.0700073,22.0499897,413.0700073,18.01538086,413.0700073,12.98477173,413.0700073,8.087978363,413.0700073,4.106229782,413.0700073,1.300586104,413.0700073,0.8189855814,413.0700073,0.3602647185,413.0700073,0.1396146715,
414,69.55099487,414,44.32812119,414,32.96930313,414,24.97814941,414,20.33580971,414,14.85743141,414,9.019278526,414,4.63320446,414,1.310695291,414,0.7782101035,414,0.4656035304,414,-0.01885298453,
415.0700073,78.91714478,415.0700073,51.50317001,415.0700073,37.24562073,415.0700073,28.48432922,415.0700073,22.98375893,415.0700073,16.91078568,415.0700073,10.70336342,415.0700073,5.282070637,415.0700073,1.79917419,415.0700073,0.9833599925,415.0700073,0.5529007912,415.0700073,0.1957904994,
416,84.95174408,416,55.27756119,416,40.20502853,416,31.38662529,416,25.74773026,416,18.93459892,416,11.641325,416,5.717171669,416,1.848428845,416,1.018329978,416,0.6522770524,416,0.2996591628,
417.0700073,96.00099182,417.0700073,63.89009857,417.0700073,46.78808212,417.0700073,35.03553772,417.0700073,29.19007874,417.0700073,22.06565857,417.0700073,12.88833427,417.0700073,6.330554485,417.0700073,2.16503191,417.0700073,1.203649759,417.0700073,0.605646193,417.0700073,0.2891008854,
418,106.2251968,418,69.924263,418,49.73221207,418,39.40463638,418,32.53021622,418,23.40963173,418,14.89523315,418,7.167692661,418,2.469725847,418,1.062391281,418,0.7606114149,418,0.152700901,
419.0700073,116.2295074,419.0700073,77.44234467,419.0700073,56.80683517,419.0700073,46.1750145,419.0700073,36.2821312,419.0700073,27.9067955,419.0700073,15.70931435,419.0700073,7.71990633,419.0700073,2.840746641,419.0700073,1.262727499,419.0700073,0.6321112514,419.0700073,0.1554303467,
420,132.0589142,420,86.23202515,420,62.59007645,420,50.80831528,420,39.84196854,420,29.63048363,420,18.13481331,420,9.025832176,420,2.877697706,420,1.633648992,420,0.886097908,420,0.1310542375,
421.0599976,145.1896973,421.0599976,96.22022247,421.0599976,70.86982727,421.0599976,57.59923553,421.0599976,45.81294632,421.0599976,34.25787354,421.0599976,21.39911079,421.0599976,9.967694283,421.0599976,3.279405355,421.0599976,1.686109185,421.0599976,0.8603115678,421.0599976,0.1887006015,
421.9599915,161.8952484,421.9599915,106.9270859,421.9599915,77.76782227,421.9599915,63.59662247,421.9599915,49.52326202,421.9599915,36.45576477,421.9599915,22.78246117,421.9599915,11.4577446,421.9599915,3.608344316,421.9599915,1.660019875,421.9599915,0.7477334738,421.9599915,0.1122418493,
423.0299988,174.2183075,423.0299988,117.2129517,423.0299988,87.16389465,423.0299988,70.11717987,423.0299988,55.1986618,423.0299988,41.09404755,423.0299988,25.72421265,423.0299988,12.95825005,423.0299988,4.208017826,423.0299988,2.090519428,423.0299988,0.804150939,423.0299988,0.269230783,
423.9299927,191.0873566,423.9299927,126.389328,423.9299927,95.63559723,423.9299927,77.34457397,423.9299927,60.95558548,423.9299927,45.76171112,423.9299927,27.64355469,423.9299927,13.85805988,423.9299927,4.629716396,423.9299927,2.027142286,423.9299927,0.8301663995,423.9299927,0.2316647023,
425,212.4420471,425,141.8718872,425,105.8321609,425,83.3381958,425,67.43920898,425,49.94626236,425,30.18941498,425,15.34985924,425,5.024940968,425,2.475782633,425,1.162376523,425,0.2634725869,
426.0599976,234.7456055,426.0599976,155.9928894,426.0599976,114.2412186,426.0599976,90.20223236,426.0599976,73.99984741,426.0599976,54.75296783,426.0599976,34.29179382,426.0599976,17.60549736,426.0599976,5.766485691,426.0599976,2.674465418,426.0599976,1.577796817,426.0599976,0.2396261841,
426.9599915,248.4581299,426.9599915,165.6602325,426.9599915,124.5562744,426.9599915,98.40272522,426.9599915,78.65032196,426.9599915,59.01137543,426.9599915,36.90389252,426.9599915,19.01170158,426.9599915,6.368719101,426.9599915,3.084317923,426.9599915,1.401420593,426.9599915,0.09383503348,
428.0299988,269.5138855,428.0299988,180.5378571,428.0299988,134.9819031,428.0299988,107.1546097,428.0299988,86.22112274,428.0299988,64.98429871,428.0299988,39.80810547,428.0299988,20.31424332,428.0299988,6.757680416,428.0299988,3.159836531,428.0299988,1.553434372,428.0299988,0.2844141126,
428.9299927,287.0813293,428.9299927,193.8594971,428.9299927,141.4787292,428.9299927,112.8091202,428.9299927,92.18788147,428.9299927,69.06215668,428.9299927,42.12625885,428.9299927,21.95899391,428.9299927,6.91403532,428.9299927,3.075891733,428.9299927,1.460684776,428.9299927,0.1137548611,
430,313.8312988,430,209.877533,430,152.1060944,430,124.5221786,430,100.7927704,430,75.70783997,430,45.8184967,430,24.50671387,430,8.252122879,430,3.522074938,430,1.741755605,430,0.1315294951,
431.0700073,332.3459778,431.0700073,224.4754944,431.0700073,168.7423096,431.0700073,134.2304993,431.0700073,108.5846024,431.0700073,82.54408264,431.0700073,50.15888596,431.0700073,25.81949806,431.0700073,8.480849266,431.0700073,3.980000019,431.0700073,1.600185037,431.0700073,0.3583801091,
432,354.8119812,432,235.7900848,432,175.2362518,432,141.3853912,432,115.4691925,432,85.90333557,432,54.06661606,432,27.39456558,432,9.126590729,432,3.953206778,432,2.032123327,432,0.2388582528,
433.0700073,382.737915,433.0700073,253.7141418,433.0700073,189.5551758,433.0700073,150.6283112,433.0700073,121.1956711,433.0700073,93.68424988,433.0700073,57.56921387,433.0700073,29.31416893,433.0700073,9.904128075,433.0700073,4.136288643,433.0700073,1.700007915,433.0700073,0.3741925061,
434,398.3739929,434,268.5708618,434,199.430191,434,160.6741486,434,131.8692017,434,97.16412354,434,60.55601501,434,31.18815804,434,10.28786564,434,4.811469078,434,2.047808409,434,0.3735084236,
435.0700073,428.5828857,435.0700073,285.230835,435.0700073,209.8995667,435.0700073,170.0403442,435.0700073,136.971283,435.0700073,103.3994064,435.0700073,64.45872498,435.0700073,32.7330246,435.0700073,11.55741882,435.0700073,4.810385704,435.0700073,2.183996916,435.0700073,0.2083029598,
436,448.4606323,436,296.7201843,436,223.3824158,436,179.1094971,436,147.1929016,436,109.4014206,436,68.75787354,436,34.59700394,436,11.75287437,436,5.51652956,436,2.197424173,436,0.2916848958,
437.0700073,475.3744202,437.0700073,313.1457214,437.0700073,237.4057312,437.0700073,189.345108,437.0700073,156.4281769,437.0700073,115.7996826,437.0700073,73.78304291,437.0700073,37.94961929,437.0700073,12.5913496,437.0700073,5.537707329,437.0700073,2.578768969,437.0700073,0.1750257611,
438,495.1098633,438,328.1867065,438,247.9232941,438,194.9603882,438,161.9009247,438,120.468811,438,75.65071106,438,38.769207,438,13.36822987,438,6.276554585,438,2.633037806,438,0.160988465,
439.0700073,518.9393921,439.0700073,350.4714355,439.0700073,257.4084167,439.0700073,210.6040802,439.0700073,173.241394,439.0700073,127.8279877,439.0700073,79.86048126,439.0700073,39.92067337,439.0700073,14.17374706,439.0700073,6.198593616,439.0700073,3.027284622,439.0700073,0.1603495628,
440,545.071228,440,359.973053,440,271.3096313,440,216.1873016,440,178.4404602,440,131.2249908,440,84.56297302,440,42.60336685,440,14.93755054,440,6.851855755,440,3.202515364,440,0.2980033755,
441.0599976,564.5761719,441.0599976,382.0436401,441.0599976,283.783783,441.0599976,227.8207245,441.0599976,187.149353,441.0599976,139.240509,441.0599976,87.85341644,441.0599976,44.24224854,441.0599976,14.96342468,441.0599976,7.043234348,441.0599976,3.121787786,441.0599976,0.2987214923,
441.9599915,596.9161987,441.9599915,397.3005981,441.9599915,298.610321,441.9599915,238.9994965,441.9599915,196.0128632,441.9599915,145.2646942,441.9599915,90.79092407,441.9599915,45.86323547,441.9599915,16.25135422,441.9599915,7.615535736,441.9599915,3.227115631,441.9599915,0.2411672473,
443.0299988,616.0875854,443.0299988,412.1876831,443.0299988,301.6298828,443.0299988,250.6693268,443.0299988,205.043396,443.0299988,151.8814087,443.0299988,95.35848236,443.0299988,48.70847321,443.0299988,16.98166847,443.0299988,7.466840744,443.0299988,3.105825186,443.0299988,0.1892903745,
443.9299927,628.6873779,443.9299927,430.7565613,443.9299927,322.5221558,443.9299927,259.2122498,443.9299927,210.4369965,443.9299927,157.4852142,443.9299927,98.97583771,443.9299927,49.87810135,443.9299927,17.62123108,443.9299927,7.876606464,443.9299927,3.418199062,443.9299927,0.1829082519,
445,663.2648926,445,450.7662354,445,335.148468,445,266.7020264,445,218.1039734,445,163.5026855,445,102.4295197,445,53.41939926,445,18.73664856,445,8.316895485,445,3.447604179,445,0.3206991255,
446.0599976,686.572998,446.0599976,459.9891663,446.0599976,348.6769714,446.0599976,278.2704773,446.0599976,227.2243195,446.0599976,168.3063354,446.0599976,106.1913681,446.0599976,54.71435165,446.0599976,19.47221565,446.0599976,8.707381248,446.0599976,3.727310181,446.0599976,0.277513504,
446.9599915,710.7211914,446.9599915,475.890686,446.9599915,353.9911194,446.9599915,284.7263184,446.9599915,234.1995392,446.9599915,174.8983459,446.9599915,111.0188065,446.9599915,55.7783432,446.9599915,20.37374496,446.9599915,8.653903961,446.9599915,3.872330427,446.9599915,0.2406304628,
448.0299988,733.7662354,448.0299988,492.2144165,448.0299988,368.4638672,448.0299988,295.3746948,448.0299988,242.9968414,448.0299988,182.9100647,448.0299988,113.9260712,448.0299988,58.8346405,448.0299988,21.03647232,448.0299988,9.416744232,448.0299988,3.911062717,448.0299988,0.2409735322,
448.9299927,756.7546387,448.9299927,501.9718933,448.9299927,380.3174744,448.9299927,302.2755737,448.9299927,245.8166351,448.9299927,185.7842255,448.9299927,118.2725754,448.9299927,61.65263367,448.9299927,21.74498367,448.9299927,9.274513245,448.9299927,3.902853251,448.9299927,0.2920823097,
450,776.4140625,450,520.2316895,450,391.0499573,450,310.8712769,450,255.3174438,450,192.0561829,450,123.0625076,450,63.07354736,450,22.29721832,450,10.28175926,450,4.08684063,450,0.220105648,
451.0599976,792.7456055,451.0599976,537.3959961,451.0599976,398.1008301,451.0599976,323.1703796,451.0599976,266.7198486,451.0599976,197.9880219,451.0599976,124.5383072,451.0599976,65.07132721,451.0599976,22.72062302,451.0599976,10.82491302,451.0599976,4.681296825,451.0599976,0.3608298898,
451.9599915,807.8821411,451.9599915,544.5830078,451.9599915,411.5551758,451.9599915,335.0952454,451.9599915,271.3322754,451.9599915,200.697525,451.9599915,127.6297607,451.9599915,66.19966888,451.9599915,23.45960999,451.9599915,10.15523243,451.9599915,4.377283573,451.9599915,0.3044313788,
453.0299988,827.2963257,453.0299988,561.6577148,453.0299988,421.6480408,453.0299988,337.7302246,453.0299988,278.5580139,453.0299988,208.3573914,453.0299988,131.3186188,453.0299988,67.80430603,453.0299988,24.34738922,453.0299988,10.69047642,453.0299988,4.66399765,453.0299988,0.3778989017,
453.9299927,855.6793823,453.9299927,576.225647,453.9299927,430.7546387,453.9299927,350.2050476,453.9299927,283.3022461,453.9299927,209.8538055,453.9299927,133.550415,453.9299927,70.13222504,453.9299927,24.76767731,453.9299927,11.28820896,453.9299927,4.470263958,453.9299927,0.4194044471,
455,863.0338135,455,582.27771,455,438.263855,455,352.5291748,455,292.6392517,455,217.3551178,455,136.3256683,455,69.87593842,455,25.72999763,455,11.29490852,455,4.521826267,455,0.291182965,
456.0599976,874.1395264,456.0599976,594.8463135,456.0599976,444.3751221,456.0599976,361.8627625,456.0599976,296.7912903,456.0599976,221.671936,456.0599976,138.5337524,456.0599976,73.47628021,456.0599976,25.89261436,456.0599976,12.08935547,456.0599976,4.983420849,456.0599976,0.4812218845,
456.9599915,890.526062,456.9599915,605.0238647,456.9599915,456.1698608,456.9599915,366.2484741,456.9599915,299.9005432,456.9599915,225.4420624,456.9599915,143.1452026,456.9599915,73.09792328,456.9599915,26.16023445,456.9599915,11.98137093,456.9599915,5.089206219,456.9599915,0.2862107754,
458.0299988,910.5435181,458.0299988,614.701416,458.0299988,455.2923889,458.0299988,373.1619568,458.0299988,307.6081238,458.0299988,230.7648773,458.0299988,142.7885437,458.0299988,74.17008209,458.0299988,26.47584343,458.0299988,12.14551449,458.0299988,5.12526226,458.0299988,0.5398920178,
458.9299927,918.0250244,458.9299927,619.2937012,458.9299927,465.1053162,458.9299927,375.9696655,458.9299927,310.1341248,458.9299927,231.7688904,458.9299927,148.5740204,458.9299927,76.2412796,458.9299927,27.16698265,458.9299927,12.82630444,458.9299927,5.034685612,458.9299927,0.2811132073,
460,935.4683838,460,627.2425537,460,473.0968628,460,387.3755493,460,309.9433289,460,236.9808807,460,148.3251801,460,76.39984894,460,27.83132553,460,13.4178009,460,5.208231449,460,0.4411558211,
461.0599976,951.7825317,461.0599976,635.4356689,461.0599976,480.1551819,461.0599976,384.6387329,461.0599976,314.7384644,461.0599976,239.2339783,461.0599976,151.2409363,461.0599976,78.52056122,461.0599976,27.57920074,461.0599976,13.64422798,461.0599976,5.414139748,461.0599976,0.3677522242,
461.9599915,944.6687012,461.9599915,637.9558716,461.9599915,481.7895203,461.9599915,388.8128967,461.9599915,317.4264221,461.9599915,244.0673828,461.9599915,152.7780609,461.9599915,77.09664917,461.9599915,28.3255291,461.9599915,13.22339439,461.9599915,4.863028049,461.9599915,0.5027247667,
463.0299988,959.6235962,463.0299988,650.6812744,463.0299988,486.6707764,463.0299988,394.5444946,463.0299988,321.1429138,463.0299988,242.4224396,463.0299988,153.432663,463.0299988,78.32958221,463.0299988,28.48475075,463.0299988,13.61095142,463.0299988,5.682912827,463.0299988,0.4929896593,
463.9299927,968.9527588,463.9299927,656.0690918,463.9299927,493.9341431,463.9299927,391.078186,463.9299927,321.2384644,463.9299927,245.8403931,463.9299927,156.2063446,463.9299927,80.64612579,463.9299927,28.12609863,463.9299927,13.60661697,463.9299927,5.611972332,463.9299927,0.6355564594,
465,970.9849243,465,652.508606,465,497.8447876,465,398.4227295,465,325.9029236,465,247.1273193,465,154.3594513,465,80.35610962,465,29.89562988,465,13.1979084,465,5.650580406,465,0.552824378,
466.0599976,975.8683472,466.0599976,658.6536865,466.0599976,502.6017456,466.0599976,401.9425049,466.0599976,324.5558472,466.0599976,249.621048,466.0599976,157.7456207,466.0599976,81.9539566,466.0599976,29.22739792,466.0599976,13.26184559,466.0599976,5.292490005,466.0599976,0.6315523386,
466.9599915,979.7982178,466.9599915,665.3150635,466.9599915,500.2490234,466.9599915,404.5219116,466.9599915,330.4500732,466.9599915,248.5216217,466.9599915,156.2039795,466.9599915,81.35037231,466.9599915,28.81736565,466.9599915,14.05047989,466.9599915,5.706593037,466.9599915,0.8310249448,
468.0299988,986.9368896,468.0299988,661.1922607,468.0299988,502.7514038,468.0299988,408.4250183,468.0299988,329.6181335,468.0299988,250.2916718,468.0299988,158.435791,468.0299988,81.68335724,468.0299988,29.41704369,468.0299988,13.2737875,468.0299988,5.499396324,468.0299988,0.5872105956,
468.9299927,973.6394043,468.9299927,664.9302979,468.9299927,502.2210999,468.9299927,404.6246033,468.9299927,331.3337402,468.9299927,251.7169189,468.9299927,158.1655884,468.9299927,81.74523926,468.9299927,30.04327965,468.9299927,12.86815548,468.9299927,5.537671566,468.9299927,0.6215413809,
470,978.411438,470,665.3809204,470,502.0490417,470,402.1751709,470,331.6315002,470,249.6326294,470,155.3981323,470,80.25053406,470,29.25669098,470,13.44192314,470,5.878144264,470,0.6267505288,
471.0599976,974.74823,471.0599976,663.5498657,471.0599976,502.1638184,471.0599976,403.6958008,471.0599976,331.9589233,471.0599976,247.8267059,471.0599976,159.9400635,471.0599976,81.73729706,471.0599976,28.92063332,471.0599976,13.47290039,471.0599976,5.760115147,471.0599976,0.5032809973,
471.9599915,978.9767456,471.9599915,660.3986206,471.9599915,500.9126587,471.9599915,401.5557861,471.9599915,328.7259216,471.9599915,250.9108734,471.9599915,161.5809631,471.9599915,82.31104279,471.9599915,29.48905754,471.9599915,13.59651566,471.9599915,5.970316887,471.9599915,0.832752347,
473.0299988,984.6194458,473.0299988,662.2112427,473.0299988,499.6560974,473.0299988,398.6836548,473.0299988,326.5731812,473.0299988,251.67453,473.0299988,156.7803497,473.0299988,82.25603485,473.0299988,30.17086983,473.0299988,13.75678635,473.0299988,5.672578812,473.0299988,0.6612961292,
473.9299927,967.1307983,473.9299927,653.637085,473.9299927,498.1375427,473.9299927,403.0939026,473.9299927,326.5976257,473.9299927,249.1806641,473.9299927,157.9215088,473.9299927,81.15815735,473.9299927,29.44770241,473.9299927,13.54703712,473.9299927,5.384691238,473.9299927,0.5331964493,
475,964.6196899,475,652.3312988,475,498.4056396,475,395.5209351,475,323.502594,475,249.1487885,475,157.3692932,475,82.02986145,475,29.72522545,475,13.73674774,475,6.02588129,475,0.6806125641,
476.0599976,958.0741577,476.0599976,649.2207031,476.0599976,494.3226013,476.0599976,395.1332703,476.0599976,323.3965149,476.0599976,245.555481,476.0599976,156.2393799,476.0599976,80.90306854,476.0599976,29.34720993,476.0599976,13.6217947,476.0599976,5.990783215,476.0599976,0.8106848001,
476.9599915,960.6749268,476.9599915,651.6755981,476.9599915,491.1616211,476.9599915,384.9589844,476.9599915,323.0541992,476.9599915,245.0644531,476.9599915,153.7927704,476.9599915,81.13574219,476.9599915,28.6860714,476.9599915,13.68770981,476.9599915,5.611454964,476.9599915,1.021962523,
478.0299988,944.137207,478.0299988,642.8057251,478.0299988,481.4049683,478.0299988,393.0352783,478.0299988,321.0227051,478.0299988,243.6859589,478.0299988,152.2036285,478.0299988,79.98273468,478.0299988,29.16969109,478.0299988,13.61507225,478.0299988,5.504329205,478.0299988,0.7221443057,
478.9299927,950.9995728,478.9299927,641.0073853,478.9299927,480.5481567,478.9299927,392.8122864,478.9299927,315.0625,478.9299927,244.1353302,478.9299927,150.8204041,478.9299927,78.64668274,478.9299927,28.7153759,478.9299927,13.42334652,478.9299927,5.710499287,478.9299927,0.9555113912,
480,937.4369507,480,639.7390137,480,481.7961731,480,382.1301575,480,316.6395874,480,243.5988617,480,151.1912689,480,78.28952789,480,28.8469429,480,13.4332428,480,5.903574944,480,0.9383063316,
481.0599976,927.465332,481.0599976,630.7313843,481.0599976,474.7363892,481.0599976,379.7045288,481.0599976,318.0572815,481.0599976,239.6014862,481.0599976,147.5192566,481.0599976,79.02182007,481.0599976,27.68961143,481.0599976,13.11552238,481.0599976,5.64713335,481.0599976,0.9177536964,
481.9599915,917.420105,481.9599915,622.9962158,481.9599915,469.8471375,481.9599915,376.8829956,481.9599915,310.0003967,481.9599915,234.8950348,481.9599915,149.4157562,481.9599915,77.68126678,481.9599915,28.77977753,481.9599915,13.44295788,481.9599915,5.90465641,481.9599915,0.8211660385,
483.0299988,909.4597778,483.0299988,615.1716309,483.0299988,474.3419189,483.0299988,372.8930359,483.0299988,309.5936584,483.0299988,234.2950592,483.0299988,146.4006805,483.0299988,78.35147095,483.0299988,28.35423088,483.0299988,12.62524605,483.0299988,5.724062443,483.0299988,0.8278782964,
483.9299927,907.4281616,483.9299927,618.7344971,483.9299927,460.7125854,483.9299927,372.2764282,483.9299927,304.8404541,483.9299927,231.3478241,483.9299927,144.4223938,483.9299927,76.00608826,483.9299927,27.41679955,483.9299927,13.04875374,483.9299927,5.97056675,483.9299927,0.9122097492,
485,888.3249512,485,609.5685425,485,458.1610413,485,369.8947144,485,304.3562622,485,229.410965,485,145.6768799,485,75.63304138,485,28.06646729,485,12.90527534,485,5.468271732,485,0.9420348406,
486.0599976,870.0132446,486.0599976,596.6363525,486.0599976,452.6133423,486.0599976,367.1252747,486.0599976,296.3070068,486.0599976,227.3457489,486.0599976,140.7792816,486.0599976,74.07698059,486.0599976,27.78846169,486.0599976,13.07421207,486.0599976,5.979823112,486.0599976,1.110461831,
486.9599915,869.7862549,486.9599915,588.2113647,486.9599915,443.3385925,486.9599915,361.5098877,486.9599915,296.3668823,486.9599915,222.7707214,486.9599915,139.5611572,486.9599915,75.07322693,486.9599915,27.18515587,486.9599915,12.81892776,486.9599915,5.643638611,486.9599915,0.8904719949,
488.0299988,859.6540527,488.0299988,586.112854,488.0299988,445.508667,488.0299988,355.6777649,488.0299988,289.7466736,488.0299988,220.1180878,488.0299988,138.6554718,488.0299988,73.7677536,488.0299988,26.97838211,488.0299988,12.31267548,488.0299988,5.413527489,488.0299988,0.918291986,
488.9299927,841.3912964,488.9299927,576.3808594,488.9299927,434.5785828,488.9299927,349.9772644,488.9299927,286.4431458,488.9299927,219.3075256,488.9299927,137.1779785,488.9299927,71.3912735,488.9299927,26.31225586,488.9299927,12.54725647,488.9299927,5.281480789,488.9299927,1.005499482,
490,830.3008423,490,562.9094238,490,428.7088318,490,346.8552856,490,283.2316895,490,215.3011017,490,133.0030823,490,71.22348785,490,26.81290817,490,11.71806335,490,5.463328362,490,1.03454566,
491.0599976,817.9732056,491.0599976,557.3721924,491.0599976,425.0216064,491.0599976,340.3369141,491.0599976,276.3819885,491.0599976,213.3206024,491.0599976,132.8315887,491.0599976,70.68323517,491.0599976,25.26845169,491.0599976,12.54444885,491.0599976,5.720776558,491.0599976,1.038279176,
491.9599915,797.5693359,491.9599915,547.8250122,491.9599915,415.4946594,491.9599915,335.9145203,491.9599915,275.401062,491.9599915,208.7119293,491.9599915,132.207016,491.9599915,69.53766632,491.9599915,26.1523571,491.9599915,11.40691948,491.9599915,5.35884428,491.9599915,1.087209821,
493.0299988,787.9624634,493.0299988,539.7035522,493.0299988,402.9949951,493.0299988,328.0312195,493.0299988,273.9491272,493.0299988,206.8093109,493.0299988,128.9608459,493.0299988,66.65338898,493.0299988,25.29362297,493.0299988,11.17930794,493.0299988,5.298223019,493.0299988,1.159666777,
493.9299927,782.71698,493.9299927,533.8682861,493.9299927,405.0460205,493.9299927,326.4961243,493.9299927,266.1781921,493.9299927,203.5825653,493.9299927,127.7422028,493.9299927,67.64182281,493.9299927,24.78102112,493.9299927,11.76565742,493.9299927,5.284640789,493.9299927,1.072045445,
495,770.1936035,495,524.25,495,395.1904602,495,319.0787354,495,259.777771,495,201.7638397,495,125.0329437,495,66.06784821,495,24.1601696,495,10.98549271,495,5.602241039,495,0.9982031584,
496.0599976,760.3488159,496.0599976,515.1992798,496.0599976,390.0390015,496.0599976,314.9200745,496.0599976,260.5944519,496.0599976,199.4613342,496.0599976,123.2261047,496.0599976,65.24715424,496.0599976,24.47651863,496.0599976,11.24890709,496.0599976,4.864311218,496.0599976,0.9702202082,
496.9599915,745.0333862,496.9599915,504.9269104,496.9599915,383.0386047,496.9599915,312.333374,496.9599915,256.9938049,496.9599915,195.0810852,496.9599915,122.6216583,496.9599915,65.31308746,496.9599915,23.86687469,496.9599915,10.98590469,496.9599915,5.249077797,496.9599915,1.060077906,
498.0299988,731.9509888,498.0299988,498.1939087,498.0299988,376.5613708,498.0299988,303.5919189,498.0299988,252.500885,498.0299988,192.1534576,498.0299988,122.3495255,498.0299988,63.37890625,498.0299988,23.42719841,498.0299988,11.15314484,498.0299988,5.182651997,498.0299988,1.196172237,
498.9299927,718.8982544,498.9299927,489.8556519,498.9299927,371.1617737,498.9299927,299.5516357,498.9299927,248.3969116,498.9299927,188.7317505,498.9299927,117.5982819,498.9299927,61.29525375,498.9299927,23.34110069,498.9299927,11.14973068,498.9299927,5.335198402,498.9299927,1.236263752,
500,695.3843994,500,478.9787598,500,360.8927307,500,294.4156189,500,240.9374542,500,185.9348755,500,112.5916595,500,59.24410629,500,23.05208015,500,10.76504421,500,5.190553188,500,1.224860668,
501.0400085,691.0820313,501.0400085,469.0653076,501.0400085,353.0804749,501.0400085,285.8833923,501.0400085,234.7989349,501.0400085,184.0932922,501.0400085,113.2300797,501.0400085,61.05796814,501.0400085,21.55205536,501.0400085,11.0329752,501.0400085,5.082337856,501.0400085,1.064332962,
501.9400024,682.2996826,501.9400024,462.8735352,501.9400024,348.4556885,501.9400024,284.9119263,501.9400024,233.2658081,501.9400024,176.0364227,501.9400024,112.2656174,501.9400024,58.69229507,501.9400024,22.12407875,501.9400024,10.63596725,501.9400024,4.717996597,501.9400024,1.32538116,
502.980011,663.6853638,502.980011,452.7325439,502.980011,342.7759705,502.980011,280.1919556,502.980011,227.2708893,502.980011,172.9707642,502.980011,110.5585861,502.980011,58.00557709,502.980011,21.10834503,502.980011,10.16887951,502.980011,4.726536274,502.980011,1.324800253,
504.019989,657.3764648,504.019989,445.7880554,504.019989,331.5019836,504.019989,273.7188721,504.019989,222.8488312,504.019989,171.6972504,504.019989,106.7086105,504.019989,56.89755249,504.019989,20.48236465,504.019989,10.02974701,504.019989,4.58163023,504.019989,1.480954885,
505.0700073,631.9504395,505.0700073,437.1322021,505.0700073,326.3114929,505.0700073,267.967926,505.0700073,218.8233032,505.0700073,167.3712463,505.0700073,103.8945541,505.0700073,55.48594284,505.0700073,20.97668839,505.0700073,10.44534397,505.0700073,4.923885822,505.0700073,1.316099644,
505.9700012,626.6019287,505.9700012,424.2627869,505.9700012,320.5496826,505.9700012,263.8509827,505.9700012,215.193161,505.9700012,161.1395721,505.9700012,104.3008881,505.9700012,55.20427704,505.9700012,19.55094528,505.9700012,9.497749329,505.9700012,4.800568581,505.9700012,1.249058247,
507.0100098,615.3453369,507.0100098,414.6881714,507.0100098,312.9391479,507.0100098,256.8695068,507.0100098,212.6849213,507.0100098,160.9758911,507.0100098,101.055748,507.0100098,52.66042709,507.0100098,19.55791092,507.0100098,9.960121155,507.0100098,4.460199356,507.0100098,1.305785537,
508.0499878,597.8040161,508.0499878,408.7666321,508.0499878,309.956665,508.0499878,250.4850311,508.0499878,205.4031372,508.0499878,157.1968994,508.0499878,97.6960144,508.0499878,50.7719574,508.0499878,19.31793404,508.0499878,10.04446888,508.0499878,4.367402554,508.0499878,1.285541415,
508.9500122,589.1348267,508.9500122,403.7401733,508.9500122,303.4795532,508.9500122,241.9251251,508.9500122,204.3468018,508.9500122,156.0347748,508.9500122,97.09918976,508.9500122,52.11049271,508.9500122,19.97983742,508.9500122,9.598675728,508.9500122,5.013091087,508.9500122,1.451264977,
510,573.975708,510,394.0735474,510,296.7524109,510,242.076355,510,197.3318481,510,151.8464661,510,94.91760254,510,50.79790497,510,18.90853882,510,9.458809853,510,4.448451996,510,1.405086398,
511.0400085,560.4332275,511.0400085,383.5179749,511.0400085,287.5587769,511.0400085,235.8713989,511.0400085,193.095047,511.0400085,146.6286011,511.0400085,90.49055481,511.0400085,48.75648117,511.0400085,18.39891624,511.0400085,9.079320908,511.0400085,4.090553761,511.0400085,1.336140513,
511.9400024,551.5911255,511.9400024,377.2182007,511.9400024,282.9356995,511.9400024,227.8817291,511.9400024,189.7920227,511.9400024,145.450119,511.9400024,91.00180054,511.9400024,47.95557785,511.9400024,18.03461075,511.9400024,9.124442101,511.9400024,4.473387241,511.9400024,1.256640196,
512.9799805,538.9231567,512.9799805,367.2632446,512.9799805,276.2341919,512.9799805,222.8655853,512.9799805,185.9576416,512.9799805,141.3252563,512.9799805,89.47528839,512.9799805,47.69861221,512.9799805,17.80295372,512.9799805,8.883863449,512.9799805,4.454932213,512.9799805,1.294027209,
514.0200195,518.3974609,514.0200195,356.5605164,514.0200195,270.5385132,514.0200195,216.3943634,514.0200195,181.8427582,514.0200195,135.1462555,514.0200195,87.11756134,514.0200195,45.56384277,514.0200195,17.43662262,514.0200195,8.301107407,514.0200195,4.095753193,514.0200195,1.600745678,
515.0700073,515.1744385,515.0700073,348.3380127,515.0700073,263.0415649,515.0700073,212.1503754,515.0700073,176.338028,515.0700073,133.7386017,515.0700073,85.22738647,515.0700073,45.36910629,515.0700073,16.71087074,515.0700073,8.433501244,515.0700073,4.039534092,515.0700073,1.123032212,
515.9699707,498.0961304,515.9699707,341.3995972,515.9699707,257.1165466,515.9699707,208.7232056,515.9699707,170.0361176,515.9699707,133.7647858,515.9699707,83.34315491,515.9699707,44.85089493,515.9699707,17.07431412,515.9699707,7.811000347,515.9699707,4.134498596,515.9699707,1.449187875,
517.0100098,493.2008057,517.0100098,329.117981,517.0100098,252.7580566,517.0100098,203.9297943,517.0100098,167.2944946,517.0100098,126.9316711,517.0100098,80.83200073,517.0100098,43.39047623,517.0100098,16.59277153,517.0100098,7.843062401,517.0100098,4.015516281,517.0100098,1.351711154,
518.0499878,477.4634399,518.0499878,319.1877747,518.0499878,244.4606781,518.0499878,197.1294556,518.0499878,162.2581635,518.0499878,123.9904709,518.0499878,79.01880646,518.0499878,42.40583038,518.0499878,15.99153328,518.0499878,7.878947258,518.0499878,3.740820408,518.0499878,1.423053503,
518.9500122,467.7352905,518.9500122,314.298645,518.9500122,239.2371368,518.9500122,196.2427673,518.9500122,163.0878296,518.9500122,122.7601089,518.9500122,77.81583405,518.9500122,41.72422791,518.9500122,15.92477798,518.9500122,8.065609932,518.9500122,3.82969141,518.9500122,1.158536553,
520,453.8569946,520,310.2348022,520,233.4692841,520,194.5397339,520,158.2852783,520,120.1802063,520,76.17384338,520,40.21100616,520,15.29781342,520,7.695977688,520,3.843275309,520,1.594927788,
521.0599976,443.4910889,521.0599976,302.5927124,521.0599976,227.2446442,521.0599976,185.5396118,521.0599976,153.3293152,521.0599976,114.8452377,521.0599976,73.31297302,521.0599976,39.63222122,521.0599976,15.24785328,521.0599976,7.431018829,521.0599976,3.641061783,521.0599976,1.466973305,
521.960022,431.3361816,521.960022,292.7682495,521.960022,227.1524353,521.960022,181.6973724,521.960022,148.8479614,521.960022,113.2524796,521.960022,71.62807465,521.960022,38.17346573,521.960022,14.53227901,521.960022,7.142710209,521.960022,3.596553564,521.960022,1.425197482,
523.0300293,420.606781,523.0300293,284.025116,523.0300293,216.687088,523.0300293,176.6963196,523.0300293,146.8599701,523.0300293,111.8322983,523.0300293,69.36368561,523.0300293,37.37681198,523.0300293,14.03415585,523.0300293,6.980110645,523.0300293,3.724321842,523.0300293,1.577513337,
523.9299927,414.2083435,523.9299927,280.4737549,523.9299927,213.4636688,523.9299927,174.3853302,523.9299927,143.3486633,523.9299927,107.8875961,523.9299927,69.16114044,523.9299927,37.15092087,523.9299927,13.90155888,523.9299927,7.183161259,523.9299927,4.018740654,523.9299927,1.257453442,
525,401.952179,525,272.4593506,525,205.7303925,525,167.7799072,525,138.4428253,525,105.8865662,525,67.20062256,525,36.15071106,525,13.72337246,525,6.898836613,525,3.730734825,525,1.558339119,
526.0599976,386.8731995,526.0599976,268.1929016,526.0599976,200.7131653,526.0599976,165.4594116,526.0599976,134.8154144,526.0599976,102.7761154,526.0599976,64.00341034,526.0599976,34.85565186,526.0599976,13.17286396,526.0599976,6.761759758,526.0599976,3.643945456,526.0599976,1.283797026,
526.960022,375.7237549,526.960022,260.3209229,526.960022,196.8154755,526.960022,161.0869751,526.960022,132.7312012,526.960022,99.27001953,526.960022,64.14046478,526.960022,33.93323135,526.960022,12.9178009,526.960022,6.685467243,526.960022,3.554382086,526.960022,1.367705584,
528.0300293,366.3284607,528.0300293,249.5638428,528.0300293,194.576416,528.0300293,157.6515808,528.0300293,128.0149231,528.0300293,98.79686737,528.0300293,62.19312668,528.0300293,33.19585419,528.0300293,12.43690681,528.0300293,6.510467052,528.0300293,3.210463762,528.0300293,1.235235095,
528.9299927,363.6543884,528.9299927,248.128067,528.9299927,188.5125732,528.9299927,152.4578705,528.9299927,126.6921768,528.9299927,94.95973206,528.9299927,60.93442917,528.9299927,32.7202034,528.9299927,12.28638649,528.9299927,6.052425861,528.9299927,3.202010393,528.9299927,1.459427834,
530,350.4311829,530,239.3610992,530,180.9756165,530,149.6542511,530,122.7163773,530,92.33524323,530,58.85669708,530,31.00387764,530,12.05766201,530,6.279248714,530,3.16725564,530,1.314536095,
531.039978,346.0253296,531.039978,235.9963074,531.039978,176.8877258,531.039978,144.9502258,531.039978,120.29422,531.039978,89.73254395,531.039978,56.76786804,531.039978,30.11550331,531.039978,11.66735268,531.039978,6.122731209,531.039978,3.473030567,531.039978,1.409814,
531.9400024,334.4257813,531.9400024,229.3363647,531.9400024,171.3132477,531.9400024,141.0016022,531.9400024,114.9031677,531.9400024,88.65118408,531.9400024,55.76536942,531.9400024,29.50432014,531.9400024,11.5396719,531.9400024,6.035907745,531.9400024,3.164758682,531.9400024,1.423600078,
532.9799805,325.702301,532.9799805,222.7752991,532.9799805,166.8152466,532.9799805,137.6393127,532.9799805,111.2880096,532.9799805,84.71669006,532.9799805,54.6299324,532.9799805,28.82686043,532.9799805,11.45077419,532.9799805,5.651164055,532.9799805,3.235604763,532.9799805,1.509588003,
534.0200195,317.0109863,534.0200195,215.7596588,534.0200195,163.754425,534.0200195,131.8218842,534.0200195,109.1492462,534.0200195,83.43569946,534.0200195,52.51710892,534.0200195,28.2046299,534.0200195,11.0734911,534.0200195,5.644664288,534.0200195,3.106020212,534.0200195,1.276324153,
535.0700073,305.4900208,535.0700073,211.0197754,535.0700073,160.8276215,535.0700073,128.062912,535.0700073,107.1300201,535.0700073,80.37923431,535.0700073,50.40038681,535.0700073,27.11314392,535.0700073,10.75500965,535.0700073,5.891739368,535.0700073,2.984832287,535.0700073,1.336380482,
535.9699707,300.0554504,535.9699707,206.0591888,535.9699707,153.6205139,535.9699707,125.8811646,535.9699707,103.8194962,535.9699707,79.36084747,535.9699707,51.03939438,535.9699707,26.98138237,535.9699707,10.78962231,535.9699707,5.809078693,535.9699707,3.34764123,535.9699707,1.355553746,
537.0100098,293.3401489,537.0100098,197.5917358,537.0100098,149.5116119,537.0100098,122.7028961,537.0100098,101.9980164,537.0100098,76.72251892,537.0100098,48.17189407,537.0100098,25.92264557,537.0100098,9.671104431,537.0100098,5.397360802,537.0100098,3.241627455,537.0100098,1.298104763,
538.0499878,283.5318298,538.0499878,194.5619659,538.0499878,144.8348999,538.0499878,119.9736481,538.0499878,97.93077087,538.0499878,75.21568298,538.0499878,48.13703537,538.0499878,24.94857025,538.0499878,9.424063683,538.0499878,5.355068684,538.0499878,3.162593365,538.0499878,1.239352345,
538.9500122,280.1542358,538.9500122,190.9699554,538.9500122,140.1585693,538.9500122,116.4166565,538.9500122,96.08135223,538.9500122,73.45140076,538.9500122,46.76898193,538.9500122,24.95429039,538.9500122,9.391876221,538.9500122,5.206890106,538.9500122,2.585700274,538.9500122,1.274151325,
540,269.5064087,540,183.3777008,540,138.0796204,540,112.4333038,540,91.58119965,540,71.29053497,540,45.74879456,540,24.45302582,540,9.411862373,540,5.030642986,540,2.825083494,540,1.058433533,
541.039978,257.651886,541.039978,176.5854492,541.039978,135.3256836,541.039978,108.0178833,541.039978,91.0287323,541.039978,69.05197906,541.039978,43.99736786,541.039978,23.62580681,541.039978,8.909752846,541.039978,5.056964874,541.039978,2.906183004,541.039978,1.244376421,
541.9400024,255.651474,541.9400024,173.5635529,541.9400024,131.6580353,541.9400024,106.2033768,541.9400024,87.41992188,541.9400024,68.17345428,541.9400024,42.93851852,541.9400024,22.72681999,541.9400024,8.719293594,541.9400024,5.104867458,541.9400024,2.885068417,541.9400024,1.500780463,
542.9799805,248.2451477,542.9799805,170.1161041,542.9799805,128.3005219,542.9799805,103.2093811,542.9799805,86.21136475,542.9799805,65.13454437,542.9799805,41.15961838,542.9799805,22.0743103,542.9799805,8.695986748,542.9799805,4.64501667,542.9799805,2.766774654,542.9799805,1.170708895,
544.0200195,239.642807,544.0200195,164.1726837,544.0200195,123.7873077,544.0200195,100.4812393,544.0200195,81.93050385,544.0200195,63.04869843,544.0200195,40.21772766,544.0200195,22.17506027,544.0200195,8.340332985,544.0200195,4.494965553,544.0200195,2.710806131,544.0200195,1.135976434,
545.0700073,233.6318817,545.0700073,160.077301,545.0700073,121.3447723,545.0700073,98.17997742,545.0700073,81.32823181,545.0700073,62.16749954,545.0700073,39.17367935,545.0700073,21.02457237,545.0700073,7.943024158,545.0700073,4.316990376,545.0700073,2.56785059,545.0700073,1.214543104,
545.9699707,227.5381622,545.9699707,155.556839,545.9699707,116.8646545,545.9699707,95.49549103,545.9699707,78.28109741,545.9699707,60.62825394,545.9699707,38.51373672,545.9699707,21.30642509,545.9699707,8.373523712,545.9699707,4.306509972,545.9699707,2.735381365,545.9699707,1.023067236,
547.0100098,222.9991302,547.0100098,151.5515289,547.0100098,114.6259918,547.0100098,92.99895477,547.0100098,77.84091187,547.0100098,58.98426056,547.0100098,37.86822128,547.0100098,19.68543053,547.0100098,7.917150021,547.0100098,4.386931419,547.0100098,2.306851864,547.0100098,1.397705436,
548.0499878,214.0657043,548.0499878,146.231781,548.0499878,110.9970856,548.0499878,90.66890717,548.0499878,75.31432343,548.0499878,56.22884369,548.0499878,35.69033051,548.0499878,19.38399315,548.0499878,7.814479828,548.0499878,4.162997246,548.0499878,2.674959898,548.0499878,1.350328326,
548.9500122,208.3745575,548.9500122,141.6644287,548.9500122,108.1681671,548.9500122,86.84260559,548.9500122,72.59905243,548.9500122,55.14798355,548.9500122,34.72969818,548.9500122,18.67977715,548.9500122,7.66594696,548.9500122,4.2468853,548.9500122,2.351511717,548.9500122,1.238466859,
550,202.5174103,550,139.1094818,550,105.8915405,550,85.63179779,550,70.20174408,550,54.85560989,550,34.09965897,550,18.14499664,550,7.640860081,550,3.92631197,550,2.467710733,550,1.093161583,
551.0200195,198.1585693,551.0200195,133.9367065,551.0200195,101.77742,551.0200195,83.28623962,551.0200195,68.42022705,551.0200195,51.44342041,551.0200195,33.6460495,551.0200195,18.45199585,551.0200195,7.359178543,551.0200195,3.690761328,551.0200195,2.384280205,551.0200195,1.13973546,
552.0499878,191.2177124,552.0499878,132.3265686,552.0499878,98.81009674,552.0499878,80.02476501,552.0499878,68.37867737,552.0499878,49.70935059,552.0499878,31.75667763,552.0499878,16.72167206,552.0499878,6.42453146,552.0499878,3.697004557,552.0499878,2.322442293,552.0499878,1.309591293,
552.9400024,185.854538,552.9400024,126.1285248,552.9400024,96.44988251,552.9400024,77.25621796,552.9400024,64.93197632,552.9400024,48.7528801,552.9400024,30.67827797,552.9400024,16.62099075,552.9400024,6.627836704,552.9400024,3.581972122,552.9400024,2.252295494,552.9400024,1.255492806,
553.9699707,177.7933807,553.9699707,120.499527,553.9699707,92.32292175,553.9699707,75.7527771,553.9699707,62.06578064,553.9699707,46.68907166,553.9699707,30.14173508,553.9699707,16.43814087,553.9699707,6.37933445,553.9699707,3.540797949,553.9699707,2.273769617,553.9699707,1.380191207,
555,172.0344238,555,119.1243362,555,90.53082275,555,72.46942902,555,59.3277092,555,46.13110352,555,28.94711113,555,15.6177578,555,6.287599564,555,3.306679487,555,1.787700534,555,1.276662588,
556.0200195,167.2333374,556.0200195,114.1778641,556.0200195,88.22938538,556.0200195,72.59651184,556.0200195,58.2544899,556.0200195,45.28042221,556.0200195,28.06348228,556.0200195,15.3224659,556.0200195,6.283030033,556.0200195,3.229341984,556.0200195,1.866390824,556.0200195,1.169451475,
557.0499878,165.2544098,557.0499878,112.6598129,557.0499878,83.21865082,557.0499878,68.60669708,557.0499878,56.88646317,557.0499878,42.31931305,557.0499878,28.07345581,557.0499878,14.80237103,557.0499878,6.27671957,557.0499878,3.307792187,557.0499878,2.131582022,557.0499878,0.9858238101,
557.9400024,158.2713165,557.9400024,108.7016983,557.9400024,82.43447113,557.9400024,67.55848694,557.9400024,56.00199127,557.9400024,42.05234146,557.9400024,27.13278008,557.9400024,14.91721344,557.9400024,5.553682327,557.9400024,3.11922574,557.9400024,1.903846145,557.9400024,1.13398993,
558.9699707,153.5027313,558.9699707,105.2277069,558.9699707,80.88542938,558.9699707,66.59104919,558.9699707,54.80595398,558.9699707,41.04751205,558.9699707,25.78301811,558.9699707,13.59372425,558.9699707,5.421150684,558.9699707,3.309328556,558.9699707,2.010107994,558.9699707,1.18469131,
560,149.905838,560,101.6309509,560,77.00398254,560,62.98057556,560,53.3940506,560,39.75697327,560,25.42338181,560,13.96058178,560,5.638681412,560,3.150164366,560,1.91835022,560,1.099340439,
561.039978,145.1415558,561.039978,99.57518768,561.039978,75.72117615,561.039978,61.89089584,561.039978,50.76812744,561.039978,38.69634247,561.039978,24.40959167,561.039978,12.8617363,561.039978,5.496939659,561.039978,2.965144873,561.039978,2.006648302,561.039978,1.056595087,
561.9400024,141.868515,561.9400024,97.59287262,561.9400024,73.30647278,561.9400024,58.58681488,561.9400024,48.97906876,561.9400024,37.03401566,561.9400024,23.97570229,561.9400024,12.74845028,561.9400024,4.79336977,561.9400024,2.962488413,561.9400024,1.69815743,561.9400024,1.025700569,
562.9799805,135.2810211,562.9799805,93.69676208,562.9799805,71.64043427,562.9799805,57.2202301,562.9799805,47.46158981,562.9799805,36.81251526,562.9799805,23.55722046,562.9799805,12.71360207,562.9799805,5.013467789,562.9799805,3.252449274,562.9799805,1.876622081,562.9799805,1.083491325,
564.0200195,133.3230743,564.0200195,90.30549622,564.0200195,68.76693726,564.0200195,55.95301437,564.0200195,46.52196884,564.0200195,36.05977631,564.0200195,23.02981567,564.0200195,12.25606823,564.0200195,4.76740551,564.0200195,2.62868309,564.0200195,1.708405375,564.0200195,1.199616075,
565.0700073,128.8896637,565.0700073,88.14700317,565.0700073,67.54624939,565.0700073,54.51885986,565.0700073,44.87728882,565.0700073,34.59718323,565.0700073,22.12158775,565.0700073,11.71065521,565.0700073,5.061122417,565.0700073,2.692276955,565.0700073,1.671354651,565.0700073,0.9547376633,
565.9699707,126.0579987,565.9699707,86.76160431,565.9699707,64.24278259,565.9699707,53.13443375,565.9699707,43.73614502,565.9699707,33.34876251,565.9699707,20.91333389,565.9699707,11.44865131,565.9699707,4.839767456,565.9699707,2.466942787,565.9699707,1.769769073,565.9699707,0.9888375401,
567.0100098,121.254715,567.0100098,82.57063293,567.0100098,62.78494644,567.0100098,50.55629349,567.0100098,43.1872406,567.0100098,31.90074539,567.0100098,20.02692032,567.0100098,11.05873108,567.0100098,4.366021633,567.0100098,2.59863472,567.0100098,1.550022483,567.0100098,1.028664231,
568.0499878,117.4103317,568.0499878,80.91847229,568.0499878,61.10570526,568.0499878,48.5277977,568.0499878,40.54932785,568.0499878,31.50594902,568.0499878,20.1138916,568.0499878,10.40618324,568.0499878,4.301932812,568.0499878,2.381944895,568.0499878,1.554094434,568.0499878,1.232149005,
568.9500122,113.1349945,568.9500122,78.58970642,568.9500122,60.41316986,568.9500122,48.05389404,568.9500122,39.73588943,568.9500122,30.32207298,568.9500122,18.93107033,568.9500122,10.36797237,568.9500122,4.232105732,568.9500122,2.533649921,568.9500122,1.669514656,568.9500122,1.082402945,
570,110.3978958,570,76.02615356,570,57.01842499,570,47.82650375,570,38.4450264,570,29.92689323,570,18.50411606,570,10.42485809,570,4.056106091,570,2.499903202,570,1.554383755,570,1.31953752,
571.0200195,104.5949936,571.0200195,73.95126343,571.0200195,54.38935089,571.0200195,45.44549942,571.0200195,38.30885315,571.0200195,27.99368286,571.0200195,17.88131142,571.0200195,9.994729042,571.0200195,4.194418907,571.0200195,2.45806551,571.0200195,1.339057088,571.0200195,0.8898269534,
572.0499878,102.7953491,572.0499878,71.2233429,572.0499878,53.22967911,572.0499878,44.49994278,572.0499878,35.97692871,572.0499878,27.46900177,572.0499878,17.2030201,572.0499878,9.57619381,572.0499878,4.029167175,572.0499878,2.438879251,572.0499878,1.535143137,572.0499878,1.01092577,
572.9400024,99.62966919,572.9400024,69.64594269,572.9400024,52.07614899,572.9400024,42.83583832,572.9400024,36.16918945,572.9400024,26.94862366,572.9400024,16.84963989,572.9400024,9.26033783,572.9400024,3.502869606,572.9400024,2.218412876,572.9400024,1.480049014,572.9400024,0.7793297768,
573.9699707,98.95522308,573.9699707,66.6312561,573.9699707,50.92798615,573.9699707,41.48174286,573.9699707,33.53858948,573.9699707,26.26278877,573.9699707,16.21055603,573.9699707,9.397640228,573.9699707,3.771239281,573.9699707,2.497452497,573.9699707,1.44541502,573.9699707,1.017781258,
575,93.96025085,575,65.25427246,575,49.05968857,575,40.21264648,575,33.25867081,575,25.54758835,575,15.58919716,575,8.967963219,575,3.659892797,575,2.080374479,575,1.658001423,575,1.004036307,
576.0200195,91.06737518,576.0200195,62.87430954,576.0200195,46.98869705,576.0200195,38.11113358,576.0200195,31.58280563,576.0200195,24.46718597,576.0200195,15.546772,576.0200195,8.265886307,576.0200195,3.852018356,576.0200195,2.084119081,576.0200195,1.543415666,576.0200195,0.9231386781,
577.0499878,90.41458893,577.0499878,60.01370239,577.0499878,45.95099258,577.0499878,37.87893677,577.0499878,30.3691597,577.0499878,23.36847687,577.0499878,14.37613392,577.0499878,8.395738602,577.0499878,3.453321457,577.0499878,1.981981993,577.0499878,1.279979825,577.0499878,0.8961794972,
577.9400024,86.57669067,577.9400024,57.15213394,577.9400024,44.78600693,577.9400024,36.45306778,577.9400024,30.50556946,577.9400024,23.85139275,577.9400024,14.7644062,577.9400024,8.342168808,577.9400024,3.242392778,577.9400024,1.868313432,577.9400024,1.190971375,577.9400024,1.036122084,
578.9699707,84.03678894,578.9699707,55.92492676,578.9699707,42.91836929,578.9699707,34.79256821,578.9699707,30.04241371,578.9699707,22.32922935,578.9699707,14.39771652,578.9699707,8.064191818,578.9699707,3.288818121,578.9699707,2.010050297,578.9699707,1.277786851,578.9699707,0.7973527908,
580,81.53141022,580,54.78117371,580,42.46483994,580,33.57062149,580,28.1654644,580,21.2525959,580,14.10633373,580,7.43568325,580,2.923918486,580,1.683670402,580,1.174398065,580,0.7400050759,
581.039978,77.44493866,581.039978,54.08341599,581.039978,40.91249847,581.039978,32.58398438,581.039978,27.96850777,581.039978,20.87362862,581.039978,13.19576836,581.039978,7.232606888,581.039978,2.776410341,581.039978,1.848134995,581.039978,1.241887689,581.039978,0.7270869017,
581.9400024,75.19044495,581.9400024,51.64492798,581.9400024,39.91530991,581.9400024,32.48355103,581.9400024,26.66326141,581.9400024,20.82546806,581.9400024,12.75445747,581.9400024,7.225811481,581.9400024,3.050628424,581.9400024,1.885706306,581.9400024,1.251059294,581.9400024,0.8107795119,
582.9799805,71.72203064,582.9799805,50.75714493,582.9799805,38.56561661,582.9799805,31.25305557,582.9799805,26.45145607,582.9799805,19.70392609,582.9799805,12.62576389,582.9799805,7.029912472,582.9799805,2.740004063,582.9799805,1.85738349,582.9799805,1.115896583,582.9799805,0.8023648262,
584.0200195,71.75183868,584.0200195,48.74229431,584.0200195,37.17602921,584.0200195,30.13698578,584.0200195,25.33243942,584.0200195,19.87390327,584.0200195,12.19535637,584.0200195,7.009345531,584.0200195,2.719764948,584.0200195,1.798636436,584.0200195,1.15141046,584.0200195,0.7284298539,
585.0700073,69.27810669,585.0700073,47.18891525,585.0700073,35.33048248,585.0700073,29.09399796,585.0700073,24.16777039,585.0700073,18.97367859,585.0700073,11.95445538,585.0700073,6.8199296,585.0700073,3.099173546,585.0700073,1.617261291,585.0700073,1.199488759,585.0700073,0.7774538398,
585.9699707,66.67596436,585.9699707,46.41537857,585.9699707,34.65920639,585.9699707,28.19265938,585.9699707,23.88241386,585.9699707,17.77013397,585.9699707,11.39140892,585.9699707,6.3098526,585.9699707,2.728841543,585.9699707,1.530430436,585.9699707,1.246960521,585.9699707,0.6343416572,
587.0100098,65.68460846,587.0100098,44.29999161,587.0100098,34.79462814,587.0100098,27.7426281,587.0100098,23.33753204,587.0100098,17.25561142,587.0100098,10.80909824,587.0100098,6.078655243,587.0100098,2.733485222,587.0100098,1.526810765,587.0100098,0.9717351794,587.0100098,0.8780487776,
588.0499878,63.30143738,588.0499878,43.00554657,588.0499878,32.55044174,588.0499878,26.89500999,588.0499878,22.29523087,588.0499878,16.70815468,588.0499878,11.03787518,588.0499878,5.974273682,588.0499878,2.528199196,588.0499878,1.506407142,588.0499878,1.073772073,588.0499878,0.7089388967,
588.9500122,60.35395813,588.9500122,43.02227402,588.9500122,32.61891937,588.9500122,25.98129082,588.9500122,22.26534271,588.9500122,15.9274435,588.9500122,10.04205608,588.9500122,5.620718002,588.9500122,2.500655413,588.9500122,1.579255223,588.9500122,1.094309568,588.9500122,0.8984905481,
590,59.04579926,590,40.85422134,590,31.13105583,590,26.11211014,590,20.40119743,590,15.80389023,590,9.86952877,590,5.694483757,590,2.194239616,590,1.35264945,590,1.151211619,590,0.6664255261,
591.0200195,58.08376312,591.0200195,39.05909729,591.0200195,30.75514793,591.0200195,24.04628563,591.0200195,19.75894165,591.0200195,15.42498207,591.0200195,9.995940208,591.0200195,5.7015028,591.0200195,2.202468395,591.0200195,1.636352181,591.0200195,1.05456388,591.0200195,0.6577242613,
592.0499878,55.82294464,592.0499878,39.22088242,592.0499878,29.75111008,592.0499878,24.07514,592.0499878,19.00680923,592.0499878,14.65324593,592.0499878,9.523040771,592.0499878,5.041817188,592.0499878,2.34642458,592.0499878,1.430184484,592.0499878,1.170322299,592.0499878,0.644446671,
592.9400024,53.48356628,592.9400024,37.16875076,592.9400024,27.9752121,592.9400024,23.37491608,592.9400024,18.99944115,592.9400024,14.57480145,592.9400024,9.584536552,592.9400024,5.001800537,592.9400024,2.210450888,592.9400024,1.224112988,592.9400024,0.821709156,592.9400024,0.6809735894,
593.9699707,52.25039673,593.9699707,35.99184418,593.9699707,26.99292564,593.9699707,22.92703056,593.9699707,19.11820412,593.9699707,14.02620411,593.9699707,9.056743622,593.9699707,4.835348129,593.9699707,2.145097494,593.9699707,1.427928686,593.9699707,0.8356773257,593.9699707,0.6965867281,
595,50.46216583,595,35.091362,595,26.95369339,595,21.26187706,595,18.08638191,595,13.55194283,595,8.837964058,595,4.82340765,595,2.076266766,595,1.23267138,595,1.158885121,595,0.7599391937,
596.0200195,50.10105896,596.0200195,34.39122009,596.0200195,26.36883736,596.0200195,21.86623955,596.0200195,17.47134781,596.0200195,13.45646477,596.0200195,8.205711365,596.0200195,4.2020154,596.0200195,1.979460716,596.0200195,1.46230185,596.0200195,0.9491230845,596.0200195,0.6740548611,
597.0499878,46.97426605,597.0499878,32.75812912,597.0499878,25.45050812,597.0499878,20.15760422,597.0499878,16.64654732,597.0499878,13.04968548,597.0499878,8.749902725,597.0499878,4.210734367,597.0499878,2.176278591,597.0499878,1.311576605,597.0499878,0.7754342556,597.0499878,0.6394605041,
597.9400024,45.68989182,597.9400024,32.24059296,597.9400024,24.05016518,597.9400024,19.13645744,597.9400024,16.34697914,597.9400024,11.93654823,597.9400024,7.660848141,597.9400024,4.503347874,597.9400024,1.77645576,597.9400024,1.248488903,597.9400024,0.6788308024,597.9400024,0.6176406145,
598.9699707,44.10025787,598.9699707,31.46544838,598.9699707,23.5702858,598.9699707,19.55785561,598.9699707,16.49025345,598.9699707,12.54639721,598.9699707,7.418397903,598.9699707,4.414206505,598.9699707,1.90994215,598.9699707,1.214897394,598.9699707,0.9448755383,598.9699707,0.6443947554,
600,43.46073151,600,30.23067665,600,22.18855286,600,18.47814941,600,15.39656639,600,11.89165401,600,7.751630783,600,4.198684692,600,1.947055817,600,1.088721156,600,0.7687017322,600,0.491189301,
601.0100098,42.57943726,601.0100098,28.91971779,601.0100098,22.87478256,601.0100098,17.84155846,601.0100098,14.81279373,601.0100098,11.69707394,601.0100098,7.275402546,601.0100098,4.055909157,601.0100098,1.783591032,601.0100098,0.9424692988,601.0100098,0.8234325051,601.0100098,0.668407321,
602.0200195,41.18002701,602.0200195,28.27893639,602.0200195,21.45947266,602.0200195,16.73448181,602.0200195,14.86187267,602.0200195,11.4854517,602.0200195,7.189795017,602.0200195,4.056168079,602.0200195,1.814917803,602.0200195,1.141618848,602.0200195,0.8522614241,602.0200195,0.6149178743,
603.039978,39.21371841,603.039978,27.44660568,603.039978,21.1328125,603.039978,16.03705025,603.039978,14.28838825,603.039978,10.28399658,603.039978,6.526890755,603.039978,3.858494759,603.039978,1.820628524,603.039978,1.043040156,603.039978,0.8390463591,603.039978,0.6909726858,
604.0499878,38.39394379,604.0499878,25.82777405,604.0499878,20.1917038,604.0499878,16.24288177,604.0499878,13.74392891,604.0499878,10.33659172,604.0499878,6.605387688,604.0499878,3.95606184,604.0499878,1.53562057,604.0499878,1.028088212,604.0499878,0.8028982282,604.0499878,0.6635966897,
605.0700073,37.6568222,605.0700073,25.12889099,605.0700073,18.74764061,605.0700073,16.19913101,605.0700073,13.40654182,605.0700073,9.810506821,605.0700073,6.369426727,605.0700073,3.362095594,605.0700073,1.715993047,605.0700073,1.069130778,605.0700073,0.7138749361,605.0700073,0.5317996144,
605.9400024,36.27541351,605.9400024,24.79644012,605.9400024,19.49154282,605.9400024,15.78771305,605.9400024,12.81745052,605.9400024,9.742120743,605.9400024,6.661893845,605.9400024,3.541841984,605.9400024,1.59879005,605.9400024,0.9605186582,605.9400024,0.8314237595,605.9400024,0.6943893433,
606.9500122,34.67047882,606.9500122,23.96588898,606.9500122,18.95390701,606.9500122,14.65124512,606.9500122,12.21228695,606.9500122,9.417791367,606.9500122,6.059652328,606.9500122,3.426073551,606.9500122,1.460341215,606.9500122,0.9954327345,606.9500122,0.4833544791,606.9500122,0.5238661766,
607.9699707,33.70439529,607.9699707,23.29310989,607.9699707,17.56176949,607.9699707,14.45773602,607.9699707,11.88275146,607.9699707,9.606363297,607.9699707,5.802390575,607.9699707,3.180812359,607.9699707,1.389280438,607.9699707,0.9687380195,607.9699707,0.7844715118,607.9699707,0.8412113786,
608.9799805,32.69927979,608.9799805,22.58996582,608.9799805,16.96080208,608.9799805,13.14459133,608.9799805,11.82793522,608.9799805,8.694095612,608.9799805,5.563934326,608.9799805,2.80442214,608.9799805,1.469110012,608.9799805,1.084243655,608.9799805,0.7424500585,608.9799805,0.6473932266,
610,31.0092411,610,21.71630096,610,15.98064804,610,13.60720921,610,10.74967957,610,8.386966705,610,5.509529114,610,3.276951313,610,1.307655692,610,0.8549270034,610,0.7459076047,610,0.484261483,
611.0200195,30.98597145,611.0200195,21.25942421,611.0200195,16.41626167,611.0200195,13.17809582,611.0200195,10.70987797,611.0200195,8.0108881,611.0200195,5.338078499,611.0200195,2.889509678,611.0200195,1.358309984,611.0200195,0.8533311486,611.0200195,0.6270821095,611.0200195,0.4111842215,
612.0499878,29.68313026,612.0499878,21.35446167,612.0499878,15.46484756,612.0499878,13.05517673,612.0499878,10.67134953,612.0499878,7.706264496,612.0499878,5.127887249,612.0499878,3.057037354,612.0499878,1.311282873,612.0499878,0.84166646,612.0499878,0.6814036965,612.0499878,0.5011661649,
612.9400024,28.84420967,612.9400024,19.39474487,612.9400024,14.8493433,612.9400024,12.31170082,612.9400024,10.54935551,612.9400024,7.911359787,612.9400024,5.176722527,612.9400024,2.74437809,612.9400024,1.372157335,612.9400024,0.8368201256,612.9400024,0.6988120079,612.9400024,0.3345534801,
613.9699707,28.08224678,613.9699707,19.52521515,613.9699707,14.27241707,613.9699707,11.76615047,613.9699707,9.97565937,613.9699707,7.734762192,613.9699707,4.815947533,613.9699707,3.020113945,613.9699707,1.132075429,613.9699707,0.8912655711,613.9699707,0.4889676869,613.9699707,0.4754829109,
615,27.11857414,615,18.52663231,615,14.40320969,615,11.7939539,615,9.1569767,615,7.288571835,615,4.360097408,615,2.636998892,615,1.458009362,615,0.7118017077,615,0.8394627571,615,0.3691685796,
616.0200195,26.33423424,616.0200195,18.28078651,616.0200195,13.63599777,616.0200195,11.13560581,616.0200195,9.258885384,616.0200195,7.045009613,616.0200195,4.718338013,616.0200195,2.581077337,616.0200195,1.16815722,616.0200195,0.9517577887,616.0200195,0.7052454948,616.0200195,0.5076836348,
617.0499878,24.73416519,617.0499878,17.6830616,617.0499878,12.97237492,617.0499878,10.9942255,617.0499878,8.224759102,617.0499878,6.597031593,617.0499878,4.372050285,617.0499878,2.459524393,617.0499878,1.272855759,617.0499878,0.7318761945,617.0499878,0.5800811648,617.0499878,0.5064375997,
617.9400024,25.58247566,617.9400024,17.24750328,617.9400024,13.30857372,617.9400024,10.86702251,617.9400024,9.200127602,617.9400024,6.343657017,617.9400024,4.559830666,617.9400024,2.357042313,617.9400024,1.114228249,617.9400024,1.004451036,617.9400024,0.5267415643,617.9400024,0.3837372065,
618.9699707,23.69353294,618.9699707,16.15029526,618.9699707,12.53552341,618.9699707,10.13774967,618.9699707,8.576057434,618.9699707,6.082394123,618.9699707,4.170930862,618.9699707,2.459536552,618.9699707,1.064332962,618.9699707,0.8073940277,618.9699707,0.5304637551,618.9699707,0.5435310602,
620,23.18794441,620,16.29568291,620,12.21716785,620,10.2897768,620,7.918997765,620,6.481851101,620,3.985659599,620,2.403846264,620,1.096972346,620,0.7159192562,620,0.5796521902,620,0.3271495402,
621.0200195,21.87756538,621.0200195,15.98820305,621.0200195,11.94070816,621.0200195,9.228475571,621.0200195,7.913013935,621.0200195,6.233555794,621.0200195,3.895163298,621.0200195,2.100597382,621.0200195,0.9583932161,621.0200195,0.3955461383,621.0200195,0.5582360029,621.0200195,0.276226759,
622.0499878,22.17045593,622.0499878,15.31667709,622.0499878,11.35896206,622.0499878,9.589612961,622.0499878,7.356567383,622.0499878,5.946707249,622.0499878,3.733701944,622.0499878,2.044827461,622.0499878,0.9350163937,622.0499878,0.8311204314,622.0499878,0.5126207471,622.0499878,0.4525065124,
622.9400024,21.07522583,622.9400024,14.75746918,622.9400024,11.284235,622.9400024,8.994156837,622.9400024,7.31816721,622.9400024,5.71889019,622.9400024,3.627569437,622.9400024,2.126762629,622.9400024,0.9130524993,622.9400024,0.6115273237,622.9400024,0.470026046,622.9400024,0.2609603405,
623.9699707,20.82963753,623.9699707,14.45944023,623.9699707,11.2993269,623.9699707,8.554566383,623.9699707,6.825588703,623.9699707,5.789908886,623.9699707,3.545665741,623.9699707,2.06643486,623.9699707,0.8892753124,623.9699707,0.6863417625,623.9699707,0.4218600094,623.9699707,0.4300486743,
625,20.01674843,625,13.90806675,625,11.03544998,625,8.052960396,625,7.41864109,625,4.837414742,625,3.537188768,625,1.744681716,625,0.8253149986,625,0.6901583672,625,0.4190556109,625,0.2991981506,
626.0200195,19.05271721,626.0200195,12.98265743,626.0200195,10.54481506,626.0200195,8.245552063,626.0200195,6.444076538,626.0200195,5.272881031,626.0200195,3.240695238,626.0200195,1.958015561,626.0200195,0.851367116,626.0200195,0.5394713283,626.0200195,0.4789455533,626.0200195,0.4949221015,
627.0499878,18.61358261,627.0499878,12.52278709,627.0499878,9.573706627,627.0499878,8.204351425,627.0499878,6.306230545,627.0499878,4.876643658,627.0499878,3.401959181,627.0499878,1.709771276,627.0499878,0.8735531569,627.0499878,0.5724437833,627.0499878,0.5070499778,627.0499878,0.4045541286,
627.9400024,18.03062439,627.9400024,12.5655241,627.9400024,9.961640358,627.9400024,8.056577682,627.9400024,6.626798153,627.9400024,4.393774986,627.9400024,3.108205795,627.9400024,1.76121068,627.9400024,0.8092851043,627.9400024,0.5628991127,627.9400024,0.3741777837,627.9400024,0.4513166845,
628.9699707,17.59407425,628.9699707,12.43800926,628.9699707,9.054443359,628.9699707,7.665817261,628.9699707,6.402248383,628.9699707,4.453155994,628.9699707,2.927179098,628.9699707,1.751796126,628.9699707,0.6918162107,628.9699707,0.5268810987,628.9699707,0.3680031002,628.9699707,0.277777791,
630,17.0543251,630,12.01588821,630,9.248051643,630,7.013082027,630,6.012800217,630,4.492079735,630,2.956350327,630,1.604174733,630,0.6813676953,630,0.5801473856,630,0.3915963471,630,0.3042808473,
631.0100098,16.96124649,631.0100098,11.45497608,631.0100098,8.880195618,631.0100098,7.041286469,631.0100098,5.775379658,631.0100098,4.18611145,631.0100098,2.843429804,631.0100098,1.415384531,631.0100098,0.8096131086,631.0100098,0.6173434854,631.0100098,0.5337023139,631.0100098,0.2977371812,
632.0200195,15.81626225,632.0200195,10.95277786,632.0200195,8.422570229,632.0200195,6.972928524,632.0200195,5.5973382,632.0200195,4.080522537,632.0200195,2.798729658,632.0200195,1.654243708,632.0200195,0.5811040998,632.0200195,0.576428175,632.0200195,0.3723956645,632.0200195,0.2586549819,
633.039978,16.02944183,633.039978,10.67350769,633.039978,8.733453751,633.039978,6.54502964,633.039978,5.498099327,633.039978,4.055068016,633.039978,2.617445707,633.039978,1.403439403,633.039978,0.7722478509,633.039978,0.5427135825,633.039978,0.3650301099,633.039978,0.4308576286,
634.0499878,14.70474434,634.0499878,10.90550613,634.0499878,7.902688503,634.0499878,6.363744259,634.0499878,5.142730713,634.0499878,3.990778685,634.0499878,2.733539343,634.0499878,1.38428545,634.0499878,0.5203434229,634.0499878,0.439630717,634.0499878,0.3599352241,634.0499878,0.3379587531,
635.0700073,14.62572575,635.0700073,10.70061684,635.0700073,7.716992855,635.0700073,6.674060822,635.0700073,5.272407532,635.0700073,3.885205984,635.0700073,2.34201169,635.0700073,1.378642321,635.0700073,0.8491646647,635.0700073,0.3303328156,635.0700073,0.4297966361,635.0700073,0.4081077278,
635.9400024,14.01605701,635.9400024,10.31153584,635.9400024,7.649527073,635.9400024,6.248197556,635.9400024,4.441109657,635.9400024,3.863541365,635.9400024,2.165792465,635.9400024,1.285998106,635.9400024,0.6432807446,635.9400024,0.5316523314,635.9400024,0.5223506093,635.9400024,0.4572473764,
636.9500122,13.79636478,636.9500122,9.738518715,636.9500122,7.532057762,636.9500122,5.817532063,636.9500122,4.572162151,636.9500122,3.753554583,636.9500122,2.309286594,636.9500122,1.293635726,636.9500122,0.4680599868,636.9500122,0.3108486235,636.9500122,0.4441697896,636.9500122,0.3193740249,
637.9699707,13.58700943,637.9699707,9.009708405,637.9699707,7.355026722,637.9699707,5.594109535,637.9699707,4.671892643,637.9699707,3.456289768,637.9699707,2.241467237,637.9699707,1.404043674,637.9699707,0.7636577487,637.9699707,0.4247401059,637.9699707,0.3114112914,637.9699707,0.1715690941,
638.9799805,13.10412598,638.9799805,8.961415291,638.9799805,6.788711071,638.9799805,5.737884045,638.9799805,4.355844975,638.9799805,3.348881721,638.9799805,1.980708003,638.9799805,1.225884199,638.9799805,0.6200708747,638.9799805,0.473056376,638.9799805,0.3562099338,638.9799805,0.2909006178,
640,12.15876579,640,8.755750656,640,6.787561893,640,5.426729202,640,4.34034729,640,3.117437124,640,2.155423403,640,1.085383415,640,0.4473924935,640,0.3680173457,640,0.29744789,640,0.3589232266,
641.0100098,12.18113518,641.0100098,8.777799606,641.0100098,6.873736858,641.0100098,5.128205299,641.0100098,4.531448364,641.0100098,3.452017069,641.0100098,1.975890279,641.0100098,1.074446678,641.0100098,0.6296733618,641.0100098,0.4808524549,641.0100098,0.327868849,641.0100098,0.1542317271,
642.0200195,11.50515461,642.0200195,8.482865334,642.0200195,6.360552311,642.0200195,5.204866409,642.0200195,4.047712326,642.0200195,2.973435879,642.0200195,1.863821983,642.0200195,1.407569647,642.0200195,0.3666436076,642.0200195,0.3016266227,642.0200195,0.3760969639,642.0200195,0.3720675409,
643.039978,11.04940128,643.039978,8.087479591,643.039978,5.913915157,643.039978,4.911323547,643.039978,4.030247688,643.039978,3.131461143,643.039978,2.096720934,643.039978,1.028013468,643.039978,0.5286594629,643.039978,0.4407404363,643.039978,0.1630988866,643.039978,0.3730183542,
644.0499878,10.81834602,644.0499878,7.406218052,644.0499878,5.900785446,644.0499878,4.592834949,644.0499878,3.764243841,644.0499878,2.759982347,644.0499878,1.688948631,644.0499878,1.012263894,644.0499878,0.5641254783,644.0499878,0.4701169133,644.0499878,0.3824660778,644.0499878,0.2842308581,
645.0700073,10.94393921,645.0700073,7.398073196,645.0700073,5.37409687,645.0700073,4.595511913,645.0700073,3.573014736,645.0700073,2.982680082,645.0700073,1.665596366,645.0700073,0.8649854064,645.0700073,0.552115798,645.0700073,0.2241467088,645.0700073,0.3728121817,645.0700073,0.2445635647,
645.9400024,10.15168667,645.9400024,7.406837463,645.9400024,5.686270714,645.9400024,4.37658596,645.9400024,3.377804518,645.9400024,2.675518036,645.9400024,1.880602717,645.9400024,0.9316644073,645.9400024,0.4944913685,645.9400024,0.4878810346,645.9400024,0.3056358993,645.9400024,0.2858395278,
646.9500122,10.06065369,646.9500122,7.170218945,646.9500122,5.187239647,646.9500122,4.26967144,646.9500122,3.413514137,646.9500122,2.486131191,646.9500122,1.777812123,646.9500122,0.9491708875,646.9500122,0.5227076411,646.9500122,0.6049972773,646.9500122,0.2937658429,646.9500122,0.1558391005,
647.9699707,9.449007034,647.9699707,7.352105141,647.9699707,5.259605885,647.9699707,4.250567913,647.9699707,3.493416309,647.9699707,2.451327801,647.9699707,1.507173777,647.9699707,0.9062075615,647.9699707,0.394461751,647.9699707,0.4370538592,647.9699707,0.3121037781,647.9699707,0.2042233348,
648.9799805,9.893514633,648.9799805,6.48831892,648.9799805,5.067674637,648.9799805,3.908885241,648.9799805,3.275806904,648.9799805,2.549580574,648.9799805,1.51858747,648.9799805,0.9859263897,648.9799805,0.4406950176,648.9799805,0.4589627385,648.9799805,0.3763249815,648.9799805,0.2035623491,
650,9.775532722,650,6.464188576,650,5.00620842,650,3.949179411,650,3.386386633,650,2.344595432,650,1.633723259,650,0.7975296974,650,0.3495620489,650,0.3058291078,650,0.4557162821,650,0.3410230577,

0,
Sample 4
Collection Time: 13/05/2024 10:26:22
Operator Name  :
Scan Software Version: 1.2(147)
Parameter List :
Instrument                        Cary Eclipse
Instrument Serial Number          EL00063371
Data mode                         Fluorescence
Scan mode                         Emission
X Mode                            Wavelength (nm)
Start (nm)                        360.00
Stop (nm)                         650.00
Ex. Wavelength (nm)               350.00
Ex. Slit (nm)                     5
Em. Slit (nm)                     5
Scan rate (nm/min)                600.00
Data interval (nm)                1.0000
Averaging Time (s)                0.1000
Excitation filter                 Auto
Emission filter                   Open
PMT voltage (V)                   620
Corrected spectra                 OFF
Method Log     :
Method Name    : Default
Date/Time stamp: 13/05/2024 08:39:04
Method Modifications:
Overlayed Graphs Changed: 13/05/2024 10:23:09, Old:OFF, New:ON
Emission Wavelength Changed: 13/05/2024 10:23:09, Old: 400.00, New: 360.00
PMT Volts Changed: 13/05/2024 10:25:22, Old:600, New:650
Emission PMT (V): Changed: 13/05/2024 10:25:22, Old: 600, New: 650
Stop Wavelength Changed: 13/05/2024 10:25:22, Old: 600.00, New: 650.00
PMT Volts Changed: 13/05/2024 10:25:39, Old:650, New:620
Emission PMT (V): Changed: 13/05/2024 10:25:40, Old: 650, New: 620
End Method Modifications
Continuum name changed to '0'

1,
1
Collection Time: 13/05/2024 11:04:41
Operator Name  :
Scan Software Version: 1.2(147)
Parameter List :
Instrument                        Cary Eclipse
Instrument Serial Number          EL00063371
Data mode                         Fluorescence
Scan mode                         Emission
X Mode                            Wavelength (nm)
Start (nm)                        360.00
Stop (nm)                         650.00
Ex. Wavelength (nm)               350.00
Ex. Slit (nm)                     5
Em. Slit (nm)                     5
Scan rate (nm/min)                600.00
Data interval (nm)                1.0000
Averaging Time (s)                0.1000
Excitation filter                 Auto
Emission filter                   Open
PMT voltage (V)                   620
Corrected spectra                 OFF
Method Log     :
Method Name    : Default
Date/Time stamp: 13/05/2024 08:39:04
Method Modifications:
Overlayed Graphs Changed: 13/05/2024 10:23:09, Old:OFF, New:ON
Emission Wavelength Changed: 13/05/2024 10:23:09, Old: 400.00, New: 360.00
PMT Volts Changed: 13/05/2024 10:25:22, Old:600, New:650
Emission PMT (V): Changed: 13/05/2024 10:25:22, Old: 600, New: 650
Stop Wavelength Changed: 13/05/2024 10:25:22, Old: 600.00, New: 650.00
PMT Volts Changed: 13/05/2024 10:25:39, Old:650, New:620
Emission PMT (V): Changed: 13/05/2024 10:25:40, Old: 650, New: 620
End Method Modifications

2,
2
Collection Time: 13/05/2024 11:15:49
Operator Name  :
Scan Software Version: 1.2(147)
Parameter List :
Instrument                        Cary Eclipse
Instrument Serial Number          EL00063371
Data mode                         Fluorescence
Scan mode                         Emission
X Mode                            Wavelength (nm)
Start (nm)                        360.00
Stop (nm)                         650.00
Ex. Wavelength (nm)               350.00
Ex. Slit (nm)                     5
Em. Slit (nm)                     5
Scan rate (nm/min)                600.00
Data interval (nm)                1.0000
Averaging Time (s)                0.1000
Excitation filter                 Auto
Emission filter                   Open
PMT voltage (V)                   620
Corrected spectra                 OFF
Method Log     :
Method Name    : Default
Date/Time stamp: 13/05/2024 08:39:04
Method Modifications:
Overlayed Graphs Changed: 13/05/2024 10:23:09, Old:OFF, New:ON
Emission Wavelength Changed: 13/05/2024 10:23:09, Old: 400.00, New: 360.00
PMT Volts Changed: 13/05/2024 10:25:22, Old:600, New:650
Emission PMT (V): Changed: 13/05/2024 10:25:22, Old: 600, New: 650
Stop Wavelength Changed: 13/05/2024 10:25:22, Old: 600.00, New: 650.00
PMT Volts Changed: 13/05/2024 10:25:39, Old:650, New:620
Emission PMT (V): Changed: 13/05/2024 10:25:40, Old: 650, New: 620
End Method Modifications

3,
3
Collection Time: 13/05/2024 11:29:16
Operator Name  :
Scan Software Version: 1.2(147)
Parameter List :
Instrument                        Cary Eclipse
Instrument Serial Number          EL00063371
Data mode                         Fluorescence
Scan mode                         Emission
X Mode                            Wavelength (nm)
Start (nm)                        360.00
Stop (nm)                         650.00
Ex. Wavelength (nm)               350.00
Ex. Slit (nm)                     5
Em. Slit (nm)                     5
Scan rate (nm/min)                600.00
Data interval (nm)                1.0000
Averaging Time (s)                0.1000
Excitation filter                 Auto
Emission filter                   Open
PMT voltage (V)                   620
Corrected spectra                 OFF
Method Log     :
Method Name    : Default
Date/Time stamp: 13/05/2024 08:39:04
Method Modifications:
Overlayed Graphs Changed: 13/05/2024 10:23:09, Old:OFF, New:ON
Emission Wavelength Changed: 13/05/2024 10:23:09, Old: 400.00, New: 360.00
PMT Volts Changed: 13/05/2024 10:25:22, Old:600, New:650
Emission PMT (V): Changed: 13/05/2024 10:25:22, Old: 600, New: 650
Stop Wavelength Changed: 13/05/2024 10:25:22, Old: 600.00, New: 650.00
PMT Volts Changed: 13/05/2024 10:25:39, Old:650, New:620
Emission PMT (V): Changed: 13/05/2024 10:25:40, Old: 650, New: 620
End Method Modifications

4,
4
Collection Time: 13/05/2024 11:40:17
Operator Name  :
Scan Software Version: 1.2(147)
Parameter List :
Instrument                        Cary Eclipse
Instrument Serial Number          EL00063371
Data mode                         Fluorescence
Scan mode                         Emission
X Mode                            Wavelength (nm)
Start (nm)                        360.00
Stop (nm)                         650.00
Ex. Wavelength (nm)               350.00
Ex. Slit (nm)                     5
Em. Slit (nm)                     5
Scan rate (nm/min)                600.00
Data interval (nm)                1.0000
Averaging Time (s)                0.1000
Excitation filter                 Auto
Emission filter                   Open
PMT voltage (V)                   620
Corrected spectra                 OFF
Method Log     :
Method Name    : Default
Date/Time stamp: 13/05/2024 08:39:04
Method Modifications:
Overlayed Graphs Changed: 13/05/2024 10:23:09, Old:OFF, New:ON
Emission Wavelength Changed: 13/05/2024 10:23:09, Old: 400.00, New: 360.00
PMT Volts Changed: 13/05/2024 10:25:22, Old:600, New:650
Emission PMT (V): Changed: 13/05/2024 10:25:22, Old: 600, New: 650
Stop Wavelength Changed: 13/05/2024 10:25:22, Old: 600.00, New: 650.00
PMT Volts Changed: 13/05/2024 10:25:39, Old:650, New:620
Emission PMT (V): Changed: 13/05/2024 10:25:40, Old: 650, New: 620
End Method Modifications

5,
5
Collection Time: 13/05/2024 11:49:46
Operator Name  :
Scan Software Version: 1.2(147)
Parameter List :
Instrument                        Cary Eclipse
Instrument Serial Number          EL00063371
Data mode                         Fluorescence
Scan mode                         Emission
X Mode                            Wavelength (nm)
Start (nm)                        360.00
Stop (nm)                         650.00
Ex. Wavelength (nm)               350.00
Ex. Slit (nm)                     5
Em. Slit (nm)                     5
Scan rate (nm/min)                600.00
Data interval (nm)                1.0000
Averaging Time (s)                0.1000
Excitation filter                 Auto
Emission filter                   Open
PMT voltage (V)                   620
Corrected spectra                 OFF
Method Log     :
Method Name    : Default
Date/Time stamp: 13/05/2024 08:39:04
Method Modifications:
Overlayed Graphs Changed: 13/05/2024 10:23:09, Old:OFF, New:ON
Emission Wavelength Changed: 13/05/2024 10:23:09, Old: 400.00, New: 360.00
PMT Volts Changed: 13/05/2024 10:25:22, Old:600, New:650
Emission PMT (V): Changed: 13/05/2024 10:25:22, Old: 600, New: 650
Stop Wavelength Changed: 13/05/2024 10:25:22, Old: 600.00, New: 650.00
PMT Volts Changed: 13/05/2024 10:25:39, Old:650, New:620
Emission PMT (V): Changed: 13/05/2024 10:25:40, Old: 650, New: 620
End Method Modifications

6,
6
Collection Time: 13/05/2024 11:57:48
Operator Name  :
Scan Software Version: 1.2(147)
Parameter List :
Instrument                        Cary Eclipse
Instrument Serial Number          EL00063371
Data mode                         Fluorescence
Scan mode                         Emission
X Mode                            Wavelength (nm)
Start (nm)                        360.00
Stop (nm)                         650.00
Ex. Wavelength (nm)               350.00
Ex. Slit (nm)                     5
Em. Slit (nm)                     5
Scan rate (nm/min)                600.00
Data interval (nm)                1.0000
Averaging Time (s)                0.1000
Excitation filter                 Auto
Emission filter                   Open
PMT voltage (V)                   620
Corrected spectra                 OFF
Method Log     :
Method Name    : Default
Date/Time stamp: 13/05/2024 08:39:04
Method Modifications:
Overlayed Graphs Changed: 13/05/2024 10:23:09, Old:OFF, New:ON
Emission Wavelength Changed: 13/05/2024 10:23:09, Old: 400.00, New: 360.00
PMT Volts Changed: 13/05/2024 10:25:22, Old:600, New:650
Emission PMT (V): Changed: 13/05/2024 10:25:22, Old: 600, New: 650
Stop Wavelength Changed: 13/05/2024 10:25:22, Old: 600.00, New: 650.00
PMT Volts Changed: 13/05/2024 10:25:39, Old:650, New:620
Emission PMT (V): Changed: 13/05/2024 10:25:40, Old: 650, New: 620
End Method Modifications

7,
7
Collection Time: 13/05/2024 12:03:54
Operator Name  :
Scan Software Version: 1.2(147)
Parameter List :
Instrument                        Cary Eclipse
Instrument Serial Number          EL00063371
Data mode                         Fluorescence
Scan mode                         Emission
X Mode                            Wavelength (nm)
Start (nm)                        360.00
Stop (nm)                         650.00
Ex. Wavelength (nm)               350.00
Ex. Slit (nm)                     5
Em. Slit (nm)                     5
Scan rate (nm/min)                600.00
Data interval (nm)                1.0000
Averaging Time (s)                0.1000
Excitation filter                 Auto
Emission filter                   Open
PMT voltage (V)                   620
Corrected spectra                 OFF
Method Log     :
Method Name    : Default
Date/Time stamp: 13/05/2024 08:39:04
Method Modifications:
Overlayed Graphs Changed: 13/05/2024 10:23:09, Old:OFF, New:ON
Emission Wavelength Changed: 13/05/2024 10:23:09, Old: 400.00, New: 360.00
PMT Volts Changed: 13/05/2024 10:25:22, Old:600, New:650
Emission PMT (V): Changed: 13/05/2024 10:25:22, Old: 600, New: 650
Stop Wavelength Changed: 13/05/2024 10:25:22, Old: 600.00, New: 650.00
PMT Volts Changed: 13/05/2024 10:25:39, Old:650, New:620
Emission PMT (V): Changed: 13/05/2024 10:25:40, Old: 650, New: 620
End Method Modifications

8,
8
Collection Time: 13/05/2024 12:10:59
Operator Name  :
Scan Software Version: 1.2(147)
Parameter List :
Instrument                        Cary Eclipse
Instrument Serial Number          EL00063371
Data mode                         Fluorescence
Scan mode                         Emission
X Mode                            Wavelength (nm)
Start (nm)                        360.00
Stop (nm)                         650.00
Ex. Wavelength (nm)               350.00
Ex. Slit (nm)                     5
Em. Slit (nm)                     5
Scan rate (nm/min)                600.00
Data interval (nm)                1.0000
Averaging Time (s)                0.1000
Excitation filter                 Auto
Emission filter                   Open
PMT voltage (V)                   620
Corrected spectra                 OFF
Method Log     :
Method Name    : Default
Date/Time stamp: 13/05/2024 08:39:04
Method Modifications:
Overlayed Graphs Changed: 13/05/2024 10:23:09, Old:OFF, New:ON
Emission Wavelength Changed: 13/05/2024 10:23:09, Old: 400.00, New: 360.00
PMT Volts Changed: 13/05/2024 10:25:22, Old:600, New:650
Emission PMT (V): Changed: 13/05/2024 10:25:22, Old: 600, New: 650
Stop Wavelength Changed: 13/05/2024 10:25:22, Old: 600.00, New: 650.00
PMT Volts Changed: 13/05/2024 10:25:39, Old:650, New:620
Emission PMT (V): Changed: 13/05/2024 10:25:40, Old: 650, New: 620
End Method Modifications

9,
9
Collection Time: 13/05/2024 12:16:45
Operator Name  :
Scan Software Version: 1.2(147)
Parameter List :
Instrument                        Cary Eclipse
Instrument Serial Number          EL00063371
Data mode                         Fluorescence
Scan mode                         Emission
X Mode                            Wavelength (nm)
Start (nm)                        360.00
Stop (nm)                         650.00
Ex. Wavelength (nm)               350.00
Ex. Slit (nm)                     5
Em. Slit (nm)                     5
Scan rate (nm/min)                600.00
Data interval (nm)                1.0000
Averaging Time (s)                0.1000
Excitation filter                 Auto
Emission filter                   Open
PMT voltage (V)                   620
Corrected spectra                 OFF
Method Log     :
Method Name    : Default
Date/Time stamp: 13/05/2024 08:39:04
Method Modifications:
Overlayed Graphs Changed: 13/05/2024 10:23:09, Old:OFF, New:ON
Emission Wavelength Changed: 13/05/2024 10:23:09, Old: 400.00, New: 360.00
PMT Volts Changed: 13/05/2024 10:25:22, Old:600, New:650
Emission PMT (V): Changed: 13/05/2024 10:25:22, Old: 600, New: 650
Stop Wavelength Changed: 13/05/2024 10:25:22, Old: 600.00, New: 650.00
PMT Volts Changed: 13/05/2024 10:25:39, Old:650, New:620
Emission PMT (V): Changed: 13/05/2024 10:25:40, Old: 650, New: 620
End Method Modifications

10,
10
Collection Time: 13/05/2024 12:28:47
Operator Name  :
Scan Software Version: 1.2(147)
Parameter List :
Instrument                        Cary Eclipse
Instrument Serial Number          EL00063371
Data mode                         Fluorescence
Scan mode                         Emission
X Mode                            Wavelength (nm)
Start (nm)                        360.00
Stop (nm)                         650.00
Ex. Wavelength (nm)               350.00
Ex. Slit (nm)                     5
Em. Slit (nm)                     5
Scan rate (nm/min)                600.00
Data interval (nm)                1.0000
Averaging Time (s)                0.1000
Excitation filter                 Auto
Emission filter                   Open
PMT voltage (V)                   620
Corrected spectra                 OFF
Method Log     :
Method Name    : Default
Date/Time stamp: 13/05/2024 08:39:04
Method Modifications:
Overlayed Graphs Changed: 13/05/2024 10:23:09, Old:OFF, New:ON
Emission Wavelength Changed: 13/05/2024 10:23:09, Old: 400.00, New: 360.00
PMT Volts Changed: 13/05/2024 10:25:22, Old:600, New:650
Emission PMT (V): Changed: 13/05/2024 10:25:22, Old: 600, New: 650
Stop Wavelength Changed: 13/05/2024 10:25:22, Old: 600.00, New: 650.00
PMT Volts Changed: 13/05/2024 10:25:39, Old:650, New:620
Emission PMT (V): Changed: 13/05/2024 10:25:40, Old: 650, New: 620
End Method Modifications

11,
11
Collection Time: 13/05/2024 12:34:30
Operator Name  :
Scan Software Version: 1.2(147)
Parameter List :
Instrument                        Cary Eclipse
Instrument Serial Number          EL00063371
Data mode                         Fluorescence
Scan mode                         Emission
X Mode                            Wavelength (nm)
Start (nm)                        360.00
Stop (nm)                         650.00
Ex. Wavelength (nm)               350.00
Ex. Slit (nm)                     5
Em. Slit (nm)                     5
Scan rate (nm/min)                600.00
Data interval (nm)                1.0000
Averaging Time (s)                0.1000
Excitation filter                 Auto
Emission filter                   Open
PMT voltage (V)                   620
Corrected spectra                 OFF
Method Log     :
Method Name    : Default
Date/Time stamp: 13/05/2024 08:39:04
Method Modifications:
Overlayed Graphs Changed: 13/05/2024 10:23:09, Old:OFF, New:ON
Emission Wavelength Changed: 13/05/2024 10:23:09, Old: 400.00, New: 360.00
PMT Volts Changed: 13/05/2024 10:25:22, Old:600, New:650
Emission PMT (V): Changed: 13/05/2024 10:25:22, Old: 600, New: 650
Stop Wavelength Changed: 13/05/2024 10:25:22, Old: 600.00, New: 650.00
PMT Volts Changed: 13/05/2024 10:25:39, Old:650, New:620
Emission PMT (V): Changed: 13/05/2024 10:25:40, Old: 650, New: 620
End Method Modifications

