Wavelength,0,5,10,15,20,25,30,35,40,50,60,70,80,90
649.0,0.0,0.0004725641025641186,0.0002915384615384681,0.00021666666666667056,7.692307692347411e-07,0.00016538461538458116,0.0002792307692307816,0.00012025641025641132,0.00032410256410259075,0.00010102564102563993,0.00012743589743589856,0.00041717948717948095,0.00014435897435899347,8.205128205127088e-05
648.0,0.0,0.00014256410256410779,0.0001815384615384691,0.0003466666666666618,8.076923076923148e-05,6.538461538459217e-05,0.000219230769230791,5.02564102564107e-05,0.00042410256410257974,0.000448974358974355,0.00030743589743589816,0.0005271794871794799,0.00048435897435898656,0.0002579487179487222
647.0,0.0,0.00030256410256411514,0.00039153846153847094,0.0004966666666666592,8.076923076923148e-05,0.00021538461538458953,6.076923076921148e-05,0.0001702564102564058,0.0005241025641025826,0.000448974358974355,0.0003674358974358888,0.0006571794871794712,0.0003743589743589876,0.0002579487179487222
646.0,0.0,0.00018256410256410616,0.00010153846153847235,0.0002366666666666628,4.076923076923311e-05,0.0003253846153845885,3.076923076922311e-05,0.00020974358974358565,0.00020410256410258176,0.0002889743589743615,0.00024743589743589367,0.00012717948717948235,0.00014435897435899347,8.794871794871872e-05
645.0,0.0,0.00018256410256412003,0.00023153846153847746,0.00033666666666666567,1.0769230769230864e-05,0.0002553846153845879,0.0003292307692307761,2.564102564162063e-07,0.00024410256410258013,0.0003889743589743644,0.0002074358974358953,0.00018717948717948685,0.0002843589743589947,8.794871794871872e-05
644.0,0.0,6.256410256411105e-05,0.00020153846153846133,0.00043666666666666853,6.923076923076588e-05,0.0003153846153845924,0.00014923076923079037,3.974358974359604e-05,5.4102564102584405e-05,3.89743589743613e-05,2.7435897435895695e-05,8.71794871794701e-05,8.435897435898898e-05,1.7948717948718107e-05
643.0,0.0,0.0005325641025641092,0.0005315384615384583,0.0007466666666666594,0.0002707692307692272,0.00014461538461540968,0.00017076923076921047,0.00031025641025640704,0.0005341025641025787,0.0003189743589743499,0.0003674358974358888,0.00047717948717947156,0.00041435897435898594,0.0001979487179487177
642.0,0.0,0.00024256410256411065,0.00011153846153846847,0.0004066666666666663,0.00011076923076923373,0.00020538461538457953,9.9230769230782e-05,0.0001702564102564197,0.000344102564102583,0.00010102564102563993,9.743589743589631e-05,0.00021717948717947522,0.00020435897435899797,8.205128205127088e-05
641.0,0.0,0.0001525641025641039,4.846153846153889e-05,7.666666666666933e-05,0.0001507692307692321,0.000275384615384594,0.00037923076923078447,0.00015974358974359115,1.5897435897416212e-05,0.00023102564102564505,1.2564102564102675e-05,2.820512820522758e-06,0.00011435897435899123,7.205128205128863e-05
640.0,0.0,0.0003825641025641119,8.461538461526641e-06,7.666666666666933e-05,6.923076923076588e-05,5.3846153845876765e-06,6.923076923077975e-05,0.0002402564102564203,0.00015410256410258727,0.0002889743589743615,0.00016743589743589693,0.0002771794871794797,0.00025435897435899246,0.00021794871794872384
639.0,0.0,0.00012256410256411554,0.00028153846153847195,0.00033666666666667955,8.076923076923148e-05,0.00011538461538458666,0.0002607692307692172,0.00034025641025642317,0.00048410256410258423,0.0003289743589743599,0.0004474358974358994,0.0002571794871794736,0.00031435897435899696,0.0003079487179487306
638.0,0.0,0.00019256410256411616,0.000168461538461534,2.6666666666674832e-05,0.00012923076923077037,0.0003053846153845824,6.923076923077975e-05,0.00021974358974358177,0.00024410256410258013,1.8974358974355177e-05,0.0003774358974358988,2.2820512820528882e-05,0.00012435897435898735,0.00011794871794872097
637.0,0.0,0.00013256410256411166,9.153846153847622e-05,7.666666666666933e-05,0.0002092307692307671,0.00028538461538457627,0.00010923076923077812,0.00014974358974358115,0.00039410256410259137,0.0002289743589743709,0.00018743589743590305,7.179487179473365e-06,0.00011435897435899123,6.794871794872648e-05
636.0,0.0,0.0005425641025641054,0.00033153846153846644,0.00024666666666665893,0.0003207692307692217,7.461538461540906e-05,0.0003207692307692078,0.0003602564102564154,0.0002941025641025746,0.0002089743589743509,0.0003174358974358943,0.0006171794871794728,0.00024435897435898246,0.00015794871794871934
635.0,0.0,5.7435897435884065e-05,0.00014846153846152788,1.666666666666483e-05,0.0001392307692307665,0.00010538461538457666,0.00011923076923077425,0.0001797435897435834,0.00011589743589741908,1.8974358974369054e-05,0.00025743589743590367,2.717948717947949e-05,5.4358974358986734e-05,0.0001979487179487177
634.0,0.0,6.256410256411105e-05,0.00010153846153845847,0.00014666666666666994,0.0001407692307692221,5.3846153845876765e-06,9.076923076921373e-05,5.02564102564107e-05,0.0001641025641025834,0.00017897435897436254,0.00012743589743588468,0.00017717948717947685,3.435897435898061e-05,8.794871794871872e-05
633.0,0.0,3.743589743589182e-05,0.00026153846153846583,8.666666666666545e-05,4.923076923077363e-05,7.53846153845883e-05,0.00025923076923078936,0.00019974358974358952,0.00012410256410258502,0.00013897435897436416,0.00023743589743589755,0.00017282051282052624,6.435897435899673e-05,0.00017205128205127762
632.0,0.0,7.256410256410717e-05,2.1538461538475606e-05,7.666666666666933e-05,9.923076923076812e-05,1.53846153845838e-05,4.923076923078751e-05,0.00016974358974358728,6.410256410258053e-05,3.89743589743613e-05,4.743589743590182e-05,2.717948717947949e-05,0.0001856410256410035,0.00013205128205127925
631.0,0.0,2.7435897435895695e-05,1.1538461538465605e-05,0.00021333333333334314,2.0769230769226987e-05,8.461538461540519e-05,9.076923076921373e-05,3.974358974359604e-05,5.410256410257053e-05,0.00010102564102563993,2.564102564106552e-06,0.00022717948717947134,0.0001543589743589896,6.205128205129251e-05
630.0,0.0,2.7435897435881818e-05,0.000158461538461524,0.00010333333333333028,0.00030923076923077,5.538461538458217e-05,7.692307692208633e-07,0.0002297435897435779,3.589743589740846e-05,0.00012102564102563218,0.00034256410256409964,7.282051282052338e-05,1.5641025641000006e-05,7.948717948721984e-06
629.0,0.0,0.00012743589743588468,0.00012153846153847847,6.66666666666732e-05,0.0001507692307692321,9.461538461541519e-05,6.923076923077975e-05,5.974358974358829e-05,0.00016589743589741357,6.1025641025627686e-05,0.00010256410256409554,0.00022717948717948522,0.00014435897435899347,0.00014794871794872322
628.0,0.0,3.25641025641088e-05,9.846153846153338e-05,0.00015666666666666607,7.076923076922148e-05,5.461538461541682e-05,7.692307692069855e-07,0.0001897435897435934,0.00021589743589742194,0.0001410256410256383,8.256410256410329e-05,0.0002728205128205291,0.00015564102564101512,7.79487179487226e-05
627.0,0.0,0.00018743589743588918,0.00030846153846153523,0.00033333333333333826,8.9230769230772e-05,0.00040538461538458526,4.923076923078751e-05,0.00044974358974358974,0.000565897435897425,0.0003110256410256418,0.0002725641025641129,0.00041282051282053034,0.0005256410256410105,8.205128205128476e-05
626.0,0.0,5.7435897435884065e-05,9.846153846153338e-05,0.00019333333333333702,4.076923076923311e-05,1.461538461540457e-05,0.00024076923076921108,0.0001797435897435834,9.589743589742683e-05,0.0001410256410256383,5.743589743589794e-05,0.000252820512820523,1.5641025641013884e-05,2.2051282051280263e-05
625.0,0.0,0.00030743589743589816,0.00031846153846154523,0.0002533333333333415,0.00012923076923077037,2.4615384615400693e-05,2.076923076921311e-05,0.0001297435897435889,0.00023410256410257013,0.0002010256410256428,0.00016743589743588305,0.0002228205128205346,0.00010564102564102062,0.00013794871794871322
624.0,0.0,0.00029743589743588816,8.846153846152338e-05,0.000293333333333326,9.07692307692276e-05,2.461538461541457e-05,0.00011923076923077425,5.974358974358829e-05,0.0002458974358974103,3.89743589743613e-05,3.256410256409492e-05,0.00024282051282052686,8.564102564100062e-05,0.00019205128205126987
623.0,0.0,0.00010256410256410942,0.000168461538461534,0.00020333333333333314,7.923076923077588e-05,0.00025461538461540867,7.692307692069855e-07,0.0001602564102564097,2.5897435897426213e-05,0.0001510256410256483,0.00014256410256410779,4.2820512820535006e-05,0.0002656410256410141,4.205128205128639e-05
622.0,0.0,5.256410256411492e-05,2.1538461538475606e-05,2.333333333333354e-05,0.00012923076923077037,0.00026461538461541867,0.00022076923076921884,0.0001297435897435889,8.589743589741683e-05,9.102564102562993e-05,0.0002625641025641029,9.282051282051562e-05,0.00017564102564100736,6.205128205127863e-05
621.0,0.0,8.743589743588631e-05,7.15384615384701e-05,3.333333333332966e-05,0.00012076923076922985,0.0001746153846154258,0.00011076923076921985,4.974358974357829e-05,5.589743589741458e-05,0.00024102564102564117,5.2564102564101045e-05,0.0002128205128205246,9.564102564101062e-05,2.051282051274139e-06
620.0,0.0,0.00034743589743588266,0.0001084615384615295,0.0001633333333333209,0.0001007692307692376,0.0002746153846154148,0.00017076923076922434,0.00010025641025641907,8.589743589741683e-05,7.102564102563769e-05,4.256410256410492e-05,0.000142820512820524,0.00010564102564100675,0.00011205128205127313
619.0,0.0,0.00034743589743589653,0.00013846153846153175,0.00014333333333334253,1.9230769230771383e-05,0.00016461538461540193,0.00014076923076920822,0.00014025641025640356,0.0003558974358974232,2.1025641025643194e-05,2.7435897435895695e-05,0.00017282051282052624,0.0003756410256410131,0.00010205128205129088
618.0,0.0,0.000387435897435881,0.00022846153846152462,0.0002833333333333299,8.076923076923148e-05,0.00010461538461542519,7.923076923077588e-05,9.974358974358666e-05,0.00010589743589740908,0.0001310256410256283,0.00041256410256410025,0.0005028205128205232,0.0001956410256409996,0.000322051282051275
617.0,0.0,0.00028743589743589204,0.000168461538461534,0.000413333333333335,0.0002092307692307671,0.00023461538461541642,0.00015076923076921822,3.0256410256404576e-05,0.0002958974358974187,0.0003310256410256479,0.00035256410256410964,0.00024282051282052686,4.3589743589783625e-06,1.7948717948718107e-05
616.0,0.0,0.0001474358974358908,5.846153846153501e-05,0.0002933333333333399,0.00015923076923077262,0.00031461538461541316,7.923076923078975e-05,1.025641025641233e-05,0.0004958974358974244,0.00019102564102564668,0.00017256410256411003,0.00018282051282052236,0.0002656410256410141,0.00019205128205128374
615.0,0.0,0.0002674358974358859,0.0002184615384615285,0.0003333333333333244,5.0769230769229234e-05,0.0002746153846154148,4.0769230769219234e-05,0.0002402564102564203,0.0006558974358974179,0.0001910256410256328,0.00021256410256409453,0.00040282051282052034,0.0003056410256410125,0.00025205128205127436
614.0,0.0,0.00016743589743588305,8.846153846152338e-05,0.00012333333333332253,0.00013076923076923985,0.00019461538461541805,0.00012076923076921597,4.0256410256414576e-05,0.00020589743589741194,1.8974358974369054e-05,0.0003125641025640974,0.0002028205128205146,0.00021564102564100573,1.2051282051270262e-05
613.0,0.0,1.7435897435899572e-05,1.5384615384694822e-06,0.0001233333333333364,4.0769230769219234e-05,0.00029461538461540704,0.0004307692307692068,0.00031025641025640704,0.00023589743589742806,7.897435897435967e-05,0.0002725641025641129,0.00019282051282053236,7.435897435897898e-05,4.205128205128639e-05
612.0,0.0,0.0003374358974359004,0.000288461538461543,0.000523333333333334,0.000209230769230781,6.461538461541294e-05,0.00014923076923079037,0.00012025641025641132,0.0003158974358974248,0.0002110256410256528,0.0006025641025641099,0.00014282051282053787,0.00022564102564101574,0.0001620512820512815
611.0,0.0,0.0004474358974358994,0.00044846153846153647,0.0005633333333333324,8.9230769230772e-05,6.461538461541294e-05,7.692307692069855e-07,1.9743589743589918e-05,0.0004858974358974283,0.0003810256410256424,0.00048256410256411475,0.0003328205128205336,0.0005156410256410143,0.00025205128205128824
610.0,0.0,0.0003074358974358843,0.0003384615384615236,0.0002333333333333215,0.00011923076923076037,5.461538461541682e-05,8.07692307692176e-05,9.974358974358666e-05,0.0004258974358974099,0.00045102564102562914,0.000612564102564106,0.00023282051282051686,0.00034564102564101085,8.205128205127088e-05
609.0,0.0,6.743589743589407e-05,3.153846153847173e-05,9.333333333333416e-05,0.0001407692307692221,0.00026461538461541867,0.0005107692307692174,0.00031025641025640704,0.00026589743589741643,0.00023897435897435315,0.0002725641025641129,0.00023717948717946746,0.00010564102564100675,1.7948717948718107e-05
608.0,0.0,3.743589743589182e-05,0.00013846153846153175,0.000303333333333336,3.076923076922311e-05,0.00017461538461541193,0.00022076923076920496,7.025641025640295e-05,0.0005358974358974228,0.0003710256410256463,0.00037256410256411576,0.00010282051282052562,0.0003956410256410192,0.000222051282051286
607.0,0.0,0.00021743589743589142,0.0005684615384615316,0.000633333333333333,0.0003192307692307661,6.461538461541294e-05,0.00020076923076921271,0.00013974358974358503,0.0008958974358974081,0.0004310256410256369,0.0008425641025641001,0.00041282051282051646,0.0005056410256410043,0.00048205128205128234
606.0,0.0,0.0001474358974358908,0.0003584615384615436,0.0004833333333333356,0.00011923076923077425,0.00022461538461540642,0.00022076923076920496,4.02564102564007e-05,0.0007558974358974208,9.102564102564381e-05,0.00024256410256411065,7.282051282053725e-05,0.00041564102564101146,0.0002820512820512905
605.0,0.0,0.0006374358974358812,0.0005984615384615338,0.0006633333333333352,0.0002492307692307655,8.538461538458442e-05,6.076923076922536e-05,0.00010974358974358278,0.0007258974358974185,0.0002610256410256334,0.0005725641025641076,0.0005628205128205277,0.0008256410256410052,0.00031205128205127886
604.0,0.0,0.0005374358974358923,0.00021846153846154237,0.0003533333333333444,0.0001492307692307765,0.00014461538461540968,0.0004207692307692107,7.025641025640295e-05,0.0003558974358974232,0.00023102564102564505,0.00041256410256411413,0.0002228205128205346,0.0002756410256410241,0.00020205128205129375
603.0,0.0,0.0005574358974358984,0.0001184615384615395,0.00039333333333334275,0.00015923076923077262,0.00029461538461540704,0.00040076923076920457,7.025641025640295e-05,0.0007058974358974263,0.00017102564102564055,0.0003225641025641074,0.00017282051282052624,0.0004356410256410176,0.00027205128205129436
602.0,0.0,0.00041743589743589715,0.0004184615384615342,0.00045333333333333337,5.923076923076975e-05,0.0004646153846154105,0.00035076923076921007,2.974358974359992e-05,0.0004958974358974244,0.0002110256410256528,0.00010256410256410942,0.00010282051282052562,0.000145641025641019,8.794871794871872e-05
601.0,0.0,0.0002674358974358859,0.00025846153846152686,0.00039333333333332887,0.00013076923076922597,0.0005646153846154134,0.0006207692307692164,0.0001102564102564152,0.0005258974358974128,9.102564102564381e-05,0.0003725641025641019,0.00012282051282051787,0.00028564102564100635,0.00033794871794871895
600.0,0.0,0.0002574358974358898,0.00020846153846153237,0.0005733333333333285,2.0769230769226987e-05,0.00023461538461541642,0.0005307692307692236,0.0001297435897435889,0.000665897435897414,0.0004210256410256408,0.0005225641025640992,0.00035282051282052584,0.0005656410256410088,3.794871794872423e-05
599.0,0.0,0.00050743589743589,0.0004184615384615342,0.0005733333333333424,0.0003292307692307761,0.0004346153846154083,3.076923076920923e-05,5.974358974358829e-05,0.0008258974358974214,0.0001510256410256483,0.0005425641025641054,0.0004428205128205326,0.0006656410256410117,0.00020205128205129375
598.0,0.0,0.0007674358974358864,0.0006384615384615322,0.0009033333333333393,0.0004392307692307751,0.00018461538461540805,0.00030923076923078385,0.0002397435897435879,0.0007358974358974146,0.000451025641025643,0.0006725641025641105,0.0006828205128205228,0.0007856410256410068,0.0003420512820512811
597.0,0.0,0.000617435897435889,0.0007984615384615257,0.0009633333333333299,0.00010923076923076425,0.00017461538461541193,0.0001492307692307765,0.0002997435897435924,0.0008258974358974214,0.0005810256410256343,0.0008625641025641062,0.0005028205128205232,0.0008356410256410152,0.00036205128205127335
596.0,0.0,0.0010874358974358872,0.0011684615384615349,0.0010533333333333367,0.0004492307692307712,5.461538461541682e-05,0.00017923076923079262,0.00038974358974358525,0.0009258974358974242,0.0005210256410256436,0.001052564102564102,0.0008928205128205247,0.0010056410256410186,0.0004520512820512801
595.0,0.0,0.0006374358974358812,0.0005384615384615293,0.0007233333333333258,0.000189230769230761,0.00024461538461541255,0.00040076923076921844,0.00020974358974358565,0.0008558974358974097,0.0005210256410256298,0.0010225641025640997,0.0006128205128205222,0.0007656410256410007,0.00023205128205126824
594.0,0.0,0.0003874358974358949,0.0005484615384615255,0.00045333333333333337,0.00010923076923076425,0.0005646153846154134,0.00045076923076921294,8.025641025641295e-05,0.0008358974358974175,0.00029102564102563566,0.0006525641025641044,0.00046282051282052483,0.00047564102564101596,5.205128205128251e-05
593.0,0.0,6.743589743589407e-05,0.0002284615384615385,0.0003733333333333366,1.0769230769230864e-05,0.0008746153846154181,0.0006307692307692125,0.0002302564102564103,0.0006058974358974234,0.00015102564102563443,0.0005425641025641054,0.0003128205128205275,0.00035564102564100697,2.2051282051280263e-05
592.0,0.0,0.0005674358974358806,0.0005684615384615316,0.000523333333333334,7.076923076923536e-05,0.0004046153846154199,0.0004407692307692168,0.00025974358974358014,0.0009458974358974165,0.000561025641025642,0.0007725641025640995,0.0005128205128205193,0.0008656410256410035,0.0002620512820512705
591.0,0.0,0.0004374358974358894,0.00025846153846154074,0.000633333333333333,0.00013076923076922597,0.0008146153846154136,0.000680769230769207,0.00014025641025640356,0.0006958974358974163,0.0003310256410256479,0.0005725641025641076,0.0003128205128205275,0.0004856410256410121,4.205128205128639e-05
590.0,0.0,0.0009174358974358837,0.0005984615384615338,0.0007133333333333297,0.0003192307692307661,0.00041461538461541603,0.00020076923076921271,3.9743589743582164e-05,0.0010458974358974193,0.00017102564102564055,0.0009725641025641052,0.0005428205128205216,0.0005456410256410166,0.00042205128205127784
589.0,0.0,0.0007574358974358902,0.000398461538461542,0.000643333333333343,0.00018923076923077486,0.0002146153846154103,6.076923076921148e-05,4.02564102564007e-05,0.0012658974358974312,0.000671025641025641,0.0006825641025641066,0.0006428205128205383,0.0007956410256410168,0.00027205128205129436
588.0,0.0,0.000727435897435888,0.0006784615384615306,0.0008233333333333426,5.0769230769229234e-05,0.0002846153846154109,0.0005107692307692174,0.0002997435897435924,0.0012158974358974228,0.0007510256410256377,0.0009225641025641107,0.0005728205128205238,0.000825641025641019,0.0003520512820512911
587.0,0.0,0.0008774358974358853,0.0009284615384615308,0.001093333333333335,0.00022923076923077323,0.00029461538461540704,0.00035076923076921007,0.0001797435897435834,0.00111589743589742,0.00078102564102564,0.0013125641025641122,0.001032820512820526,0.001035641025641007,0.0005920512820512813
586.0,0.0,0.0009374358974358898,0.0008784615384615363,0.001203333333333334,0.0005092307692307618,0.00012461538461541743,0.0002507692307692211,3.9743589743582164e-05,0.0012058974358974128,0.0009210256410256412,0.0013625641025641066,0.001042820512820522,0.0009456410256410142,0.0005320512820512768
585.0,0.0,0.0009674358974358921,0.0006284615384615361,0.0008233333333333426,0.0004492307692307712,0.00019461538461540417,9.230769230789138e-06,0.00020974358974358565,0.0013158974358974257,0.000901025641025649,0.001072564102564108,0.0007928205128205218,0.0010556410256410131,0.0005920512820512813
584.0,0.0,0.0007874358974358786,0.0005484615384615255,0.0008133333333333326,0.00039923076923076284,0.0002846153846154248,0.00016076923076922822,0.0001797435897435834,0.001325897435897408,0.0008710256410256328,0.0010025641025640936,0.0007228205128205212,0.001035641025641007,0.0006520512820512719
583.0,0.0,0.0005174358974358861,0.0003984615384615281,0.0007133333333333297,0.00022923076923077323,0.000854615384615412,0.00041076923076921457,4.974358974357829e-05,0.001235897435897415,0.0008710256410256328,0.0009825641025641013,0.000702820512820515,0.0010556410256410131,0.000542051282051273
582.0,0.0,0.0007974358974358886,0.0007784615384615334,0.0009133333333333354,0.00046923076923076346,0.00024461538461541255,0.0002607692307692172,0.0002397435897435879,0.0011658974358974145,0.001001025641025638,0.001292564102564106,0.0009728205128205214,0.0009456410256410142,0.0005620512820512791
581.0,0.0,0.0008874358974358953,0.0007484615384615451,0.0009233333333333454,0.00022923076923077323,0.00034461538461540153,0.00017076923076921047,2.0256410256408452e-05,0.0012958974358974196,0.0008910256410256528,0.0012625641025641177,0.0007928205128205357,0.0009456410256410142,0.0007420512820512926
580.0,0.0,0.0008674358974358892,0.00047846153846152484,0.0006833333333333275,0.0004392307692307751,0.000634615384615414,0.00029076923076921946,8.025641025641295e-05,0.001355897435897424,0.0009910256410256418,0.0013525641025641105,0.0007628205128205195,0.001025641025641011,0.0005220512820512807
579.0,0.0,0.0008674358974358892,0.0005484615384615255,0.0007733333333333203,0.0002492307692307655,0.0007646153846154191,0.0002007692307692266,0.00012025641025641132,0.0015758974358974082,0.0011810256410256376,0.0013725641025641028,0.0007728205128205157,0.0011556410256410021,0.0007220512820512726
578.0,0.0,0.0005174358974358861,0.0006484615384615283,0.0005333333333333301,0.00012923076923077037,0.0007946153846154075,0.0004307692307692207,0.00013025641025640744,0.0010958974358974138,0.0009110256410256451,0.001162564102564101,0.0008428205128205302,0.0010056410256410186,0.00048205128205128234
577.0,0.0,0.0007974358974358886,0.0006684615384615344,0.0009333333333333416,0.0003892307692307667,0.00042461538461541215,0.0002907692307692056,0.000259743589743594,0.0014258974358974247,0.0010810256410256486,0.0015625641025641124,0.001502820512820524,0.0011456410256410199,0.0005720512820512891
576.0,0.0,0.0008674358974358892,0.000838461538461524,0.0008233333333333287,0.0007092307692307676,0.0004046153846154199,0.0002607692307692172,0.000249743589743584,0.00179589743589742,0.001231025641025632,0.001392564102564095,0.0015128205128205202,0.0014056410256410024,0.0008720512820512699
575.0,0.0,0.001067435897435895,0.0008784615384615363,0.000983333333333336,0.0006692307692307692,0.00030461538461541704,0.00011076923076920597,0.0002997435897435924,0.0018558974358974245,0.0016010256410256413,0.0019525641025641138,0.0014328205128205235,0.0016556410256410165,0.0011520512820512863
574.0,0.0,0.001067435897435895,0.0006084615384615438,0.0011433333333333434,0.0005892307692307724,0.00041461538461540215,0.00041076923076921457,0.00019974358974358952,0.001675897435897425,0.0016710256410256419,0.0021125641025641073,0.0011128205128205365,0.001605641025641022,0.0012220512820512869
573.0,0.0,0.0008574358974358931,0.0005984615384615338,0.001093333333333335,0.0005792307692307763,0.0006146153846154079,0.00040076923076921844,6.025641025640682e-05,0.0015058974358974214,0.0014010256410256355,0.00196256410256411,0.0013028205128205322,0.001265641025641015,0.0009520512820512805
572.0,0.0,0.0011974358974358862,0.0010784615384615281,0.001303333333333337,0.0005992307692307686,0.00014461538461540968,0.00011923076923078813,0.0005197435897435904,0.0018358974358974184,0.0017210256410256364,0.002092564102564101,0.0015428205128205225,0.0018856410256410105,0.0015920512820512822
571.0,0.0,0.0012074358974358823,0.0010884615384615243,0.0012533333333333285,0.0009392307692307617,0.0005146153846154189,8.923076923078588e-05,0.0006697435897435877,0.0019558974358974135,0.0015310256410256406,0.001962564102564096,0.0014228205128205273,0.001925641025641009,0.0016420512820512767
570.0,0.0,0.0010274358974358827,0.0007884615384615296,0.0012633333333333246,0.0007092307692307676,0.000524615384615415,0.0001407692307692221,0.000359743589743583,0.0019558974358974135,0.0017410256410256286,0.0022525641025640947,0.0018928205128205255,0.0018856410256410105,0.0017720512820512818
569.0,0.0,0.001067435897435881,0.0007184615384615289,0.0011433333333333295,0.0007192307692307637,0.0004746153846154205,0.0003007692307692156,0.0005397435897435826,0.002135897435897413,0.0019410256410256344,0.002512564102564105,0.0020228205128205168,0.0022156410256410075,0.0018120512820512802
568.0,0.0,0.000957435897435896,0.000848461538461534,0.0012333333333333363,0.0008592307692307788,0.00047461538461540664,0.0001807692307692066,0.000599743589743601,0.0024158974358974294,0.0017610256410256486,0.0028125641025641135,0.00238282051282053,0.0025556410256410145,0.002142051282051291
567.0,0.0,0.0012274358974358884,0.0012284615384615394,0.0014033333333333398,0.0011792307692307796,0.00012461538461540356,0.0001592307692307865,0.0009397435897435941,0.0028458974358974293,0.002231025641025647,0.003112564102564108,0.0028928205128205264,0.002975641025641018,0.0024320512820512896
566.0,0.0,0.0011274358974358856,0.0010984615384615343,0.0012633333333333385,0.0012292307692307741,7.53846153845883e-05,0.00035923076923077835,0.0011797435897435843,0.0030058974358974228,0.002551025641025634,0.00332256410256411,0.0028128205128205297,0.003195641025641016,0.0028820512820512817
565.0,0.0,0.001277435897435883,0.0011184615384615265,0.0016933333333333245,0.0011492307692307635,0.00020538461538457953,0.0005892307692307863,0.0011897435897435804,0.003245897435897413,0.003121025641025635,0.0036725641025640993,0.0033428205128205185,0.0038156410256410117,0.0032020512820512825
564.0,0.0,0.001087435897435901,0.0009484615384615369,0.001543333333333341,0.0013792307692307715,0.00022538461538458565,0.0006692307692307969,0.001369743589743594,0.0033058974358974175,0.003271025641025646,0.0038025641025641044,0.003772820512820532,0.004275641025641014,0.003712051282051293
563.0,0.0,0.0009174358974358976,0.0014384615384615412,0.001883333333333334,0.0017392307692307707,0.0005753846153845887,0.0014192307692307837,0.001969743589743597,0.004045897435897422,0.0037710256410256465,0.004592564102564103,0.004222820512820524,0.004685641025641021,0.004652051282051289
562.0,0.0,0.000947435897435886,0.0013584615384615306,0.0018033333333333373,0.0019292307692307664,0.0004753846153845859,0.0013892307692307815,0.0021197435897435946,0.00444589743589742,0.004241025641025645,0.005322564102564112,0.00485282051282053,0.005505641025641009,0.004822051282051279
561.0,0.0,0.0014774358974358887,0.0015884615384615247,0.0022633333333333255,0.0020692307692307677,0.0014153846153845823,0.0018692307692307897,0.0026997435897435917,0.004915897435897418,0.005211025641025643,0.006432564102564098,0.00602282051282052,0.006435641025641009,0.005962051282051281
560.0,0.0,0.001407435897435888,0.001638461538461533,0.002333333333333326,0.0024892307692307714,0.0015453846153845874,0.0020492307692307893,0.002939743589743582,0.005235897435897419,0.005911025641025636,0.006832564102564109,0.006692820512820524,0.007065641025641015,0.0069020512820512775
559.0,0.0,0.0013174358974358952,0.0015484615384615402,0.0028433333333333366,0.002989230769230772,0.0019353846153845888,0.00278923076923078,0.003739743589743591,0.006225897435897423,0.006621025641025638,0.007532564102564102,0.007472820512820527,0.008275641025641017,0.008022051282051287
558.0,0.0,0.0011374358974358956,0.0018084615384615366,0.0031933333333333397,0.0035192307692307745,0.002645384615384591,0.0037292307692307902,0.004509743589743598,0.007205897435897418,0.0077010256410256495,0.008992564102564105,0.008872820512820526,0.009595641025641019,0.009332051282051293
557.0,0.0,0.0011574358974359017,0.002078461538461543,0.003103333333333333,0.003799230769230763,0.0032453846153845806,0.004039230769230795,0.004969743589743586,0.007935897435897427,0.008611025641025644,0.010042564102564114,0.010202820512820523,0.010815641025641018,0.01070205128205129
556.0,0.0,0.0015774358974359054,0.0023784615384615376,0.003963333333333333,0.004909230769230791,0.004025384615384611,0.005319230769230798,0.00631974358974359,0.009365897435897427,0.010331025641025657,0.012002564102564117,0.012312820512820538,0.013235641025641023,0.01288205128205129
555.0,0.0,0.0017274358974358889,0.0027984615384615413,0.004753333333333318,0.005909230769230764,0.00521538461538458,0.006319230769230771,0.0076197435897435856,0.010725897435897414,0.01203102564102565,0.013852564102564094,0.014182820512820521,0.015315641025641022,0.01509205128205128
554.0,0.0,0.0017674358974359011,0.003218461538461545,0.005273333333333338,0.006499230769230771,0.0063953846153845945,0.007639230769230787,0.008929743589743591,0.012945897435897413,0.014021025641025642,0.01593256410256412,0.016512820512820534,0.017665641025641013,0.01763205128205128
553.0,0.0,0.0018874358974358824,0.0035984615384615365,0.006173333333333322,0.007819230769230759,0.007785384615384569,0.008949230769230765,0.010329743589743576,0.014525897435897411,0.016391025641025625,0.018362564102564108,0.019002820512820526,0.020655641025641006,0.020282051282051267
552.0,0.0,0.0021674358974359126,0.004448461538461554,0.007193333333333343,0.009209230769230789,0.009205384615384601,0.010729230769230796,0.012319743589743595,0.016925897435897425,0.01934102564102566,0.021432564102564125,0.022072820512820543,0.023965641025641013,0.02368205128205128
551.0,0.0,0.002297435897435904,0.00488846153846155,0.007973333333333346,0.01079923076923077,0.010825384615384584,0.0128692307692308,0.014319743589743597,0.019405897435897435,0.022191025641025652,0.024392564102564115,0.025452820512820537,0.027655641025641012,0.027922051282051302
550.0,0.0,0.0028074358974358865,0.0057484615384615495,0.00937333333333333,0.01266923076923078,0.012925384615384602,0.015609230769230792,0.01719974358974359,0.02267589743589743,0.025401025641025643,0.028212564102564106,0.029582820512820532,0.03180564102564103,0.032382051282051294
549.0,0.0,0.0026974358974359014,0.006208461538461552,0.01068333333333335,0.014179230769230805,0.015025384615384607,0.01775923076923082,0.019699743589743607,0.02572589743589744,0.028961025641025664,0.03234256410256414,0.03395282051282056,0.03657564102564104,0.03702205128205131
548.0,0.0,0.0025474358974358624,0.007008461538461519,0.012163333333333304,0.01642923076923075,0.017775384615384582,0.02062923076923079,0.022819743589743563,0.029635897435897396,0.03331102564102563,0.0369325641025641,0.03896282051282052,0.04199564102564099,0.04253205128205127
547.0,0.0,0.002787435897435936,0.008138461538461594,0.013843333333333374,0.018549230769230818,0.020535384615384622,0.023589230769230807,0.026349743589743624,0.03342589743589747,0.03797102564102567,0.042242564102564134,0.044422820512820566,0.04771564102564105,0.048632051282051336
546.0,0.0,0.0032974358974359463,0.009388461538461568,0.015673333333333372,0.02176923076923079,0.023915384615384644,0.027399230769230842,0.030639743589743612,0.03842589743589747,0.043731025641025656,0.04817256410256415,0.050952820512820574,0.054735641025641046,0.05574205128205134
545.0,0.0,0.0035974358974359133,0.010338461538461574,0.01771333333333336,0.024669230769230804,0.02740538461538458,0.031359230769230806,0.03498974358974363,0.04376589743589743,0.04897102564102562,0.05407256410256414,0.05766282051282054,0.06204564102564103,0.0631420512820513
544.0,0.0,0.0038574358974358958,0.011748461538461541,0.020103333333333362,0.027689230769230827,0.031175384615384633,0.035739230769230856,0.03948974358974364,0.04919589743589742,0.05560102564102565,0.061172564102564136,0.06516282051282055,0.06996564102564107,0.07116205128205128
543.0,0.0,0.004307435897435874,0.013418461538461546,0.022543333333333304,0.03141923076923081,0.035325384615384564,0.04027923076923079,0.044589743589743575,0.05519589743589737,0.06262102564102562,0.0690125641025641,0.0732728205128205,0.078395641025641,0.08017205128205124
542.0,0.0,0.005127435897435917,0.01520846153846156,0.02565333333333336,0.0353492307692308,0.039935384615384595,0.045819230769230834,0.050289743589743585,0.062255897435897434,0.07029102564102568,0.07714256410256412,0.08210282051282056,0.08791564102564103,0.08992205128205127
541.0,0.0,0.005427435897435884,0.017008461538461583,0.02868333333333334,0.03948923076923083,0.04445538461538456,0.05107923076923082,0.05626974358974357,0.06908589743589744,0.07815102564102566,0.08598256410256411,0.09106282051282055,0.09805564102564102,0.09974205128205127
540.0,0.0,0.005637435897435927,0.018608461538461518,0.03165333333333337,0.04375923076923083,0.04905538461538461,0.05695923076923082,0.06220974358974363,0.0763258974358974,0.08599102564102562,0.09464256410256411,0.10029282051282051,0.10772564102564103,0.10995205128205127
539.0,0.0,0.006267435897435947,0.020468461538461546,0.034613333333333385,0.047829230769230846,0.0545953846153846,0.06265923076923086,0.06863974358974367,0.08395589743589743,0.09444102564102569,0.10412256410256415,0.11026282051282055,0.11828564102564104,0.12083205128205132
538.0,0.0,0.006597435897435999,0.02220846153846162,0.03754333333333337,0.052229230769230806,0.05943538461538467,0.06830923076923084,0.07531974358974369,0.09119589743589746,0.10326102564102568,0.11313256410256411,0.11985282051282053,0.1284456410256411,0.13159205128205131
537.0,0.0,0.006927435897435941,0.02395846153846154,0.04100333333333328,0.057039230769230675,0.06506538461538458,0.07446923076923073,0.08156974358974356,0.09971589743589737,0.1122310256410256,0.12262256410256411,0.13024282051282055,0.139175641025641,0.14307205128205125
536.0,0.0,0.007557435897435849,0.026198461538461504,0.04448333333333332,0.062069230769230654,0.07058538461538455,0.08089923076923078,0.08885974358974358,0.10798589743589737,0.1216110256410256,0.1322125641025641,0.14078282051282054,0.150435641025641,0.1547420512820512
535.0,0.0,0.007847435897435973,0.02771846153846169,0.047303333333333364,0.06610923076923081,0.07549538461538463,0.08647923076923081,0.0948097435897437,0.11521589743589744,0.12979102564102568,0.1415825641025642,0.1501128205128206,0.16062564102564109,0.16519205128205133
534.0,0.0,0.007507435897435966,0.029178461538461486,0.049933333333333385,0.06999923076923076,0.07993538461538463,0.09179923076923091,0.10076974358974367,0.12205589743589751,0.13727102564102572,0.14998256410256416,0.15888282051282065,0.17005564102564108,0.17477205128205137
533.0,0.0,0.008427435897435887,0.03107846153846161,0.05286333333333337,0.0743092307692308,0.08472538461538459,0.09757923076923081,0.10666974358974357,0.1290558974358974,0.14487102564102566,0.15788256410256418,0.1676028205128206,0.17965564102564102,0.18471205128205131
532.0,0.0,0.008787435897436024,0.03241846153846162,0.05489333333333335,0.07773923076923084,0.08868538461538467,0.10229923076923086,0.1116897435897437,0.13514589743589744,0.15133102564102574,0.1649025641025642,0.17535282051282064,0.18735564102564106,0.19322205128205133
531.0,0.0,0.009287435897435858,0.03390846153846139,0.05738333333333334,0.08107923076923074,0.0921653846153846,0.10608923076923071,0.11606974358974353,0.1407658974358974,0.15728102564102564,0.17123256410256404,0.18195282051282047,0.19437564102564098,0.2001320512820512
530.0,0.0,0.00912743589743592,0.03471846153846159,0.05874333333333337,0.08328923076923078,0.09489538461538471,0.10924923076923088,0.11986974358974367,0.14450589743589748,0.16174102564102577,0.17643256410256414,0.18695282051282058,0.20024564102564102,0.20593205128205133
529.0,0.0,0.009727435897435965,0.03614846153846152,0.060893333333333355,0.08582923076923077,0.09742538461538464,0.11251923076923087,0.12303974358974368,0.14826589743589746,0.16580102564102572,0.1806825641025641,0.19176282051282056,0.205005641025641,0.2109620512820513
528.0,0.0,0.009637435897435931,0.036528461538461565,0.06147333333333338,0.08685923076923074,0.09882538461538459,0.11414923076923078,0.12463974358974361,0.15093589743589741,0.1683210256410257,0.18338256410256415,0.19433282051282053,0.20785564102564102,0.21420205128205128
527.0,0.0,0.009747435897435874,0.03694846153846143,0.06219333333333332,0.08774923076923069,0.09952538461538463,0.11525923076923084,0.1263997435897436,0.15236589743589735,0.1702210256410257,0.18484256410256417,0.19613282051282055,0.20953564102564104,0.21564205128205127
526.0,0.0,0.010137435897435876,0.037178461538461605,0.06249333333333329,0.08790923076923074,0.10018538461538462,0.11542923076923073,0.12662974358974355,0.15238589743589737,0.17077102564102564,0.18565256410256414,0.19671282051282057,0.210155641025641,0.2163220512820513
525.0,0.0,0.009927435897435943,0.03691846153846157,0.062053333333333405,0.08758923076923075,0.09950538461538472,0.11500923076923086,0.12592974358974363,0.15199589743589748,0.17002102564102572,0.18441256410256424,0.19548282051282062,0.20904564102564105,0.21512205128205142
524.0,0.0,0.009997435897435958,0.03681846153846158,0.06127333333333329,0.08711923076923078,0.09800538461538455,0.11384923076923081,0.12471974358974358,0.15060589743589736,0.16826102564102563,0.18276256410256408,0.19361282051282058,0.206615641025641,0.21280205128205126
523.0,0.0,0.0103274358974359,0.03645846153846166,0.06113333333333337,0.0860892307692308,0.09662538461538461,0.11274923076923082,0.12325974358974368,0.14894589743589748,0.16592102564102573,0.1800525641025642,0.1911928205128206,0.203765641025641,0.21015205128205133
522.0,0.0,0.009917435897435989,0.03558846153846151,0.05957333333333337,0.08414923076923075,0.09452538461538462,0.10984923076923081,0.12049974358974369,0.14565589743589746,0.16214102564102573,0.1763725641025642,0.1867028205128206,0.19947564102564108,0.20543205128205128
521.0,0.0,0.010137435897435987,0.034878461538461525,0.058143333333333325,0.08140923076923079,0.09178538461538466,0.10703923076923083,0.11758974358974361,0.1418858974358974,0.15813102564102566,0.1720525641025642,0.1820428205128206,0.194685641025641,0.20007205128205124
520.0,0.0,0.009507435897435967,0.03403846153846157,0.057083333333333375,0.08058923076923086,0.08993538461538464,0.10458923076923088,0.1150097435897437,0.13884589743589748,0.15524102564102565,0.16833256410256425,0.17830282051282065,0.1904456410256411,0.19576205128205132
519.0,0.0,0.009437435897435842,0.03299846153846142,0.05528333333333335,0.07705923076923071,0.08566538461538453,0.09972923076923079,0.11012974358974359,0.1330358974358974,0.14831102564102555,0.16120256410256406,0.17047282051282053,0.18203564102564096,0.18738205128205127
518.0,0.0,0.009277435897436015,0.031818461538461684,0.053253333333333375,0.07412923076923084,0.08257538461538472,0.09631923076923088,0.10594974358974363,0.1283958974358974,0.14353102564102566,0.15566256410256418,0.16452282051282063,0.1758056410256411,0.1804920512820513
517.0,0.0,0.008997435897435957,0.030538461538461625,0.051563333333333405,0.07136923076923074,0.0791153846153847,0.0922392307692308,0.1018597435897437,0.12356589743589741,0.13770102564102565,0.1494625641025642,0.15805282051282055,0.16879564102564104,0.17367205128205132
516.0,0.0,0.008687435897435924,0.029628461538461437,0.04901333333333335,0.06824923076923073,0.07520538461538462,0.08825923076923081,0.09752974358974364,0.11834589743589741,0.13224102564102563,0.14332256410256405,0.15149282051282054,0.161975641025641,0.16654205128205124
515.0,0.0,0.008317435897435943,0.02887846153846141,0.047513333333333296,0.06541923076923073,0.07207538461538465,0.08476923076923082,0.09349974358974356,0.1137858974358974,0.12667102564102561,0.13798256410256404,0.14524282051282056,0.155055641025641,0.15965205128205123
514.0,0.0,0.008217435897435843,0.02762846153846149,0.04564333333333326,0.06243923076923075,0.06893538461538462,0.0809692307692308,0.08947974358974364,0.10919589743589736,0.12170102564102558,0.13218256410256413,0.13898282051282052,0.148605641025641,0.15268205128205126
513.0,0.0,0.008487435897435947,0.026308461538461503,0.04334333333333329,0.06009923076923074,0.0658653846153846,0.07748923076923075,0.08566974358974355,0.10481589743589736,0.11631102564102563,0.1266725641025641,0.1333728205128205,0.142265641025641,0.14666205128205123
512.0,0.0,0.00802743589743593,0.02521846153846158,0.041623333333333346,0.057669230769230806,0.06249538461538462,0.07362923076923084,0.08203974358974364,0.10006589743589744,0.11149102564102564,0.12088256410256415,0.12749282051282051,0.136015641025641,0.1400120512820513
511.0,0.0,0.007437435897435951,0.024048461538461574,0.039873333333333316,0.05480923076923083,0.059555384615384566,0.07041923076923079,0.07798974358974364,0.09593589743589742,0.10635102564102561,0.11565256410256408,0.12172282051282057,0.130235641025641,0.13400205128205128
510.0,0.0,0.007567435897435915,0.023458461538461484,0.03818333333333329,0.052739230769230705,0.05712538461538452,0.06758923076923079,0.07508974358974352,0.0918558974358974,0.10236102564102562,0.11120256410256413,0.11689282051282046,0.12471564102564098,0.12861205128205122
509.0,0.0,0.007417435897435931,0.022128461538461597,0.03676333333333337,0.050619230769230805,0.05452538461538459,0.06483923076923082,0.07219974358974357,0.08838589743589742,0.09821102564102568,0.1067925641025641,0.11234282051282052,0.12020564102564107,0.12340205128205128
508.0,0.0,0.006807435897435932,0.02136846153846156,0.03492333333333336,0.048379230769230785,0.052425384615384596,0.06178923076923082,0.06862974358974361,0.08547589743589745,0.09406102564102564,0.10256256410256415,0.10799282051282055,0.11566564102564103,0.11866205128205126
507.0,0.0,0.006957435897435915,0.02074846153846155,0.03442333333333336,0.0470592307692308,0.05070538461538465,0.060129230769230824,0.06679974358974361,0.08252589743589744,0.09170102564102567,0.09951256410256415,0.10471282051282049,0.11209564102564101,0.11502205128205129
506.0,0.0,0.006687435897435867,0.019978461538461556,0.033373333333333366,0.0457292307692308,0.0488753846153846,0.0579992307692308,0.06447974358974357,0.07983589743589742,0.08873102564102564,0.09627256410256407,0.10120282051282053,0.10828564102564103,0.11084205128205127
505.0,0.0,0.006717435897435953,0.01961846153846153,0.032453333333333334,0.04419923076923077,0.04716538461538461,0.0564392307692308,0.06259974358974357,0.07749589743589741,0.08628102564102563,0.09394256410256413,0.09831282051282059,0.10500564102564103,0.10768205128205127
504.0,0.0,0.006527435897435929,0.019258461538461558,0.03146333333333334,0.042869230769230826,0.04594538461538461,0.05426923076923085,0.060849743589743654,0.07561589743589742,0.08358102564102565,0.09126256410256411,0.09581282051282056,0.10202564102564105,0.1048820512820513
503.0,0.0,0.006347435897435916,0.018448461538461525,0.03066333333333332,0.0420092307692308,0.044865384615384585,0.053319230769230785,0.05915974358974363,0.07388589743589741,0.08169102564102565,0.08924256410256412,0.09312282051282053,0.099925641025641,0.10242205128205129
502.0,0.0,0.006057435897435903,0.017978461538461554,0.029963333333333342,0.040799230769230754,0.04363538461538463,0.05167923076923081,0.057559743589743584,0.07220589743589739,0.07991102564102565,0.0872225641025641,0.09073282051282053,0.097435641025641,0.10009205128205129
501.0,0.0,0.00635743589743587,0.018448461538461525,0.029983333333333306,0.040129230769230806,0.04283538461538461,0.05081923076923078,0.05707974358974355,0.07124589743589738,0.07865102564102561,0.08597256410256413,0.0898228205128205,0.095655641025641,0.09828205128205125
500.0,0.0,0.005907435897435864,0.017668461538461522,0.02921333333333337,0.039489230769230776,0.04181538461538464,0.049629230769230814,0.05521974358974363,0.07003589743589744,0.07702102564102564,0.08391256410256412,0.08798282051282055,0.09378564102564102,0.0963820512820513
499.0,0.0,0.005837435897435905,0.017338461538461525,0.02846333333333334,0.03885923076923081,0.040915384615384576,0.04867923076923081,0.05449974358974363,0.06848589743589739,0.07569102564102564,0.0825125641025641,0.0861528205128205,0.092375641025641,0.09463205128205127
498.0,0.0,0.005887435897435955,0.017088461538461552,0.02808333333333335,0.03816923076923079,0.04009538461538459,0.047839230769230856,0.05363974358974363,0.06729589743589742,0.07436102564102565,0.08152256410256412,0.08457282051282058,0.09082564102564106,0.09301205128205131
497.0,0.0,0.005797435897435921,0.016778461538461575,0.02808333333333335,0.03741923076923076,0.03932538461538465,0.04718923076923082,0.052779743589743605,0.06652589743589743,0.07332102564102566,0.08001256410256416,0.08313282051282053,0.08930564102564104,0.09173205128205131
496.0,0.0,0.005487435897435833,0.0161484615384615,0.027253333333333296,0.03681923076923077,0.038365384615384523,0.046159230769230786,0.05148974358974359,0.06512589743589742,0.07212102564102563,0.0787325641025641,0.08192282051282049,0.08780564102564098,0.08966205128205124
495.0,0.0,0.005767435897435891,0.016058461538461577,0.026903333333333335,0.035869230769230764,0.037965384615384595,0.0450092307692308,0.05061974358974361,0.06429589743589742,0.07061102564102567,0.07703256410256412,0.08037282051282055,0.08609564102564105,0.08803205128205127
494.0,0.0,0.00584743589743586,0.015858461538461543,0.026663333333333372,0.035159230769230804,0.03710538461538462,0.04423923076923081,0.05000974358974361,0.06306589743589741,0.06929102564102563,0.07561256410256414,0.07873282051282057,0.08431564102564104,0.08602205128205132
493.0,0.0,0.005587435897435933,0.015268461538461564,0.02565333333333336,0.034329230769230806,0.035725384615384576,0.0431192307692308,0.04828974358974361,0.061545897435897445,0.06763102564102563,0.0736225641025641,0.07629282051282052,0.082115641025641,0.08399205128205128
492.0,0.0,0.005507435897435908,0.014898461538461527,0.024883333333333313,0.03360923076923075,0.034725384615384575,0.04176923076923078,0.047209743589743586,0.06018589743589742,0.06589102564102561,0.0719625641025641,0.0748328205128205,0.08024564102564102,0.08211205128205123
491.0,0.0,0.005497435897435898,0.014808461538461548,0.024723333333333375,0.032809230769230785,0.03383538461538463,0.04058923076923082,0.04582974358974365,0.05855589743589745,0.06412102564102568,0.07014256410256417,0.07332282051282055,0.07819564102564103,0.0800120512820513
490.0,0.0,0.0058374358974358775,0.01458846153846155,0.024493333333333367,0.03208923076923079,0.0328053846153846,0.03948923076923083,0.0448897435897436,0.05703589743589743,0.06259102564102564,0.06860256410256413,0.07061282051282056,0.07595564102564101,0.07739205128205129
489.0,0.0,0.005657435897435864,0.014398461538461527,0.023813333333333353,0.030929230769230792,0.031535384615384604,0.03797923076923082,0.04324974358974357,0.05514589743589743,0.0605510256410256,0.06651256410256409,0.06853282051282053,0.073675641025641,0.07498205128205127
488.0,0.0,0.0056074358974358696,0.0139284615384615,0.023063333333333325,0.029789230769230762,0.03009538461538455,0.0364592307692308,0.04142974358974358,0.05337589743589738,0.05858102564102563,0.0638025641025641,0.0663128205128205,0.071005641025641,0.0722920512820513
487.0,0.0,0.004997435897435926,0.013078461538461539,0.02207333333333339,0.028359230769230775,0.028345384615384633,0.034699230769230816,0.03949974358974365,0.05140589743589746,0.05591102564102568,0.06120256410256414,0.06336282051282055,0.06796564102564104,0.06927205128205133
486.0,0.0,0.004887435897435927,0.012938461538461565,0.021163333333333367,0.02741923076923078,0.027285384615384628,0.033119230769230845,0.0381197435897436,0.049665897435897444,0.05395102564102566,0.05872256410256413,0.06042282051282055,0.06522564102564105,0.06640205128205134
485.0,0.0,0.005137435897435899,0.01243846153846151,0.020483333333333353,0.02620923076923079,0.025595384615384603,0.03141923076923081,0.035949743589743594,0.047175897435897396,0.05182102564102564,0.0565025641025641,0.058092820512820526,0.062335641025641014,0.06350205128205128
484.0,0.0,0.004977435897435906,0.011988461538461559,0.01959333333333335,0.024879230769230792,0.024265384615384605,0.02982923076923083,0.0342897435897436,0.044985897435897426,0.049421025641025684,0.05366256410256412,0.055132820512820535,0.05955564102564104,0.06041205128205129
483.0,0.0,0.004937435897435866,0.011028461538461543,0.01867333333333332,0.02306923076923076,0.022605384615384555,0.027989230769230766,0.03240974358974358,0.04260589743589743,0.0467310256410256,0.0508925641025641,0.052512820512820524,0.056465641025641,0.057072051282051284
482.0,0.0,0.004457435897435941,0.010548461538461562,0.01735333333333336,0.021839230769230805,0.0209853846153846,0.025929230769230815,0.03036974358974362,0.040285897435897444,0.04412102564102566,0.04796256410256414,0.049482820512820574,0.053225641025641035,0.05384205128205133
481.0,0.0,0.004277435897435872,0.010008461538461522,0.016423333333333345,0.020179230769230783,0.01899538461538458,0.0244692307692308,0.028419743589743585,0.03797589743589741,0.04182102564102563,0.045572564102564106,0.04658282051282053,0.05032564102564102,0.051082051282051275
480.0,0.0,0.004407435897435891,0.009668461538461515,0.016013333333333324,0.019549230769230763,0.018415384615384583,0.023279230769230774,0.026779743589743582,0.03659589743589742,0.03978102564102565,0.04336256410256409,0.04415282051282052,0.04798564102564101,0.048362051282051274
479.0,0.0,0.004417435897435873,0.009398461538461522,0.015313333333333318,0.01827923076923077,0.016915384615384582,0.021579230769230795,0.02512974358974357,0.03480589743589742,0.037571025641025615,0.040872564102564096,0.041652820512820515,0.045115641025641,0.04545205128205128
478.0,0.0,0.004197435897435903,0.00876846153846153,0.014713333333333328,0.017459230769230782,0.015495384615384605,0.01993923076923082,0.023369743589743586,0.03265589743589743,0.035641025641025656,0.038632564102564104,0.03927282051282052,0.042585641025641024,0.0428120512820513
477.0,0.0,0.0040474358974358915,0.008238461538461528,0.013723333333333337,0.01650923076923075,0.014015384615384568,0.018879230769230773,0.021859743589743574,0.030795897435897404,0.03329102564102564,0.03670256410256409,0.03700282051282053,0.040085641025640995,0.04049205128205126
476.0,0.0,0.003617435897435878,0.00799846153846151,0.012973333333333309,0.01518923076923076,0.01304538461538457,0.01712923076923077,0.020409743589743568,0.029325897435897405,0.03145102564102563,0.03444256410256408,0.034942820512820494,0.037605641025640985,0.03777205128205126
475.0,0.0,0.004117435897435906,0.008098461538461554,0.012853333333333355,0.014539230769230777,0.01231538461538459,0.016069230769230794,0.019049743589743595,0.027625897435897426,0.03025102564102565,0.03300256410256411,0.03305282051282055,0.035935641025641035,0.03600205128205129
474.0,0.0,0.004077435897435908,0.007488461538461541,0.012143333333333353,0.013449230769230783,0.011065384615384602,0.015179230769230806,0.01818974358974361,0.026535897435897432,0.028681025641025648,0.03115256410256413,0.03126282051282055,0.033755641025641034,0.03385205128205129
473.0,0.0,0.004267435897435903,0.00733846153846153,0.012003333333333352,0.01290923076923077,0.010285384615384599,0.0138692307692308,0.017029743589743587,0.025365897435897428,0.02723102564102564,0.029802564102564114,0.029792820512820548,0.03221564102564102,0.032132051282051294
472.0,0.0,0.003967435897435881,0.006878461538461542,0.011223333333333349,0.012029230769230778,0.009195384615384591,0.013149230769230802,0.0157097435897436,0.023995897435897418,0.02573102564102564,0.02802256410256411,0.02798282051282054,0.030285641025641005,0.030172051282051277
471.0,0.0,0.003637435897435884,0.006318461538461509,0.01032333333333331,0.010869230769230756,0.008235384615384575,0.01172923076923077,0.01421974358974358,0.02240589743589741,0.02421102564102562,0.026612564102564087,0.02646282051282052,0.028295641025641013,0.028312051282051276
470.0,0.0,0.0036174358974358917,0.00599846153846155,0.010023333333333342,0.010339230769230781,0.007405384615384605,0.010509230769230798,0.013509743589743592,0.021035897435897427,0.022981025641025637,0.025242564102564105,0.025152820512820542,0.02692564102564103,0.0265320512820513
469.0,0.0,0.0037074358974358707,0.005988461538461512,0.009893333333333323,0.00991923076923075,0.006895384615384567,0.010279230769230763,0.012709743589743569,0.020625897435897406,0.02203102564102563,0.023912564102564107,0.023922820512820506,0.02604564102564101,0.025662051282051263
468.0,0.0,0.003637435897435884,0.005878461538461541,0.009453333333333327,0.009559230769230778,0.005955384615384571,0.009809230769230792,0.011719743589743578,0.02008589743589742,0.021251025641025628,0.023102564102564102,0.02277282051282052,0.024925641025641,0.02465205128205128
467.0,0.0,0.003427435897435896,0.005668461538461525,0.009013333333333332,0.00881923076923076,0.005645384615384594,0.008799230769230781,0.011409743589743573,0.01907589743589741,0.020371025641025636,0.022012564102564094,0.021342820512820507,0.023745641025641015,0.02368205128205128
466.0,0.0,0.003337435897435889,0.005568461538461536,0.009053333333333316,0.008389230769230774,0.005025384615384584,0.008329230769230783,0.010829743589743576,0.0183458974358974,0.019721025641025625,0.0211025641025641,0.020722820512820525,0.022875641025641005,0.02229205128205128
465.0,0.0,0.003527435897435885,0.00537846153846154,0.008773333333333341,0.008039230769230785,0.004495384615384582,0.007869230769230795,0.010229743589743587,0.017755897435897422,0.018911025641025647,0.020412564102564104,0.019832820512820523,0.021865641025641022,0.021532051282051295
464.0,0.0,0.0036874358974358784,0.005408461538461515,0.008523333333333341,0.007759230769230754,0.004225384615384589,0.007409230769230779,0.009419743589743582,0.0173458974358974,0.018131025641025644,0.020042564102564095,0.019602820512820515,0.021385641025641014,0.02085205128205128
463.0,0.0,0.0034974358974358827,0.005348461538461538,0.008193333333333316,0.007249230769230772,0.003635384615384582,0.006989230769230775,0.008999743589743578,0.016625897435897402,0.017531025641025627,0.019162564102564103,0.018602820512820514,0.020375641025641003,0.019912051282051285
462.0,0.0,0.0032874358974358947,0.0052884615384615336,0.008033333333333323,0.007129230769230763,0.0035853846153845875,0.006339230769230791,0.00851974358974357,0.01614589743589742,0.016901025641025635,0.018452564102564087,0.01783282051282052,0.01960564102564101,0.019062051282051268
461.0,0.0,0.0033974358974358937,0.00511846153846153,0.007793333333333333,0.0063492307692307876,0.003075384615384605,0.0062192307692307824,0.008379743589743596,0.015325897435897434,0.01636102564102565,0.017602564102564125,0.017052820512820546,0.01887564102564103,0.018442051282051286
460.0,0.0,0.0037274358974358907,0.005258461538461531,0.00801333333333333,0.00636923076923078,0.003075384615384577,0.0062292307692307924,0.008139743589743578,0.015455897435897425,0.016121025641025633,0.01765256410256412,0.016642820512820525,0.018685641025641006,0.018172051282051294
459.0,0.0,0.003447435897435888,0.004988461538461539,0.007593333333333327,0.005929230769230756,0.0022453846153845797,0.005239230769230774,0.007259743589743586,0.014605897435897408,0.015051025641025645,0.016562564102564112,0.015782820512820525,0.017465641025641007,0.016652051282051272
458.0,0.0,0.003097435897435899,0.004418461538461552,0.007253333333333348,0.005279230769230772,0.0019153846153846105,0.00433923076923079,0.006639743589743605,0.013625897435897427,0.014111025641025648,0.015722564102564104,0.015002820512820522,0.016675641025641022,0.016062051282051293
457.0,0.0,0.0030174358974358745,0.004298461538461515,0.007063333333333324,0.00499923076923077,0.001505384615384589,0.003999230769230783,0.006419743589743579,0.013135897435897409,0.013671025641025625,0.015132564102564097,0.01446282051282051,0.016055641025641013,0.015432051282051273
456.0,0.0,0.003537435897435895,0.004578461538461517,0.0074233333333333235,0.005209230769230758,0.0012353846153845688,0.004099230769230772,0.006459743589743591,0.012755897435897418,0.013421025641025625,0.014622564102564087,0.014172820512820525,0.015535641025640992,0.014922051282051263
455.0,0.0,0.0037074358974358984,0.004738461538461539,0.007123333333333329,0.0050792307692307664,0.00138538461538458,0.004029230769230785,0.006189743589743599,0.013175897435897421,0.013041025641025633,0.014392564102564107,0.014092820512820528,0.015385641025641009,0.01442205128205129
454.0,0.0,0.003547435897435877,0.004188461538461516,0.006793333333333332,0.004549230769230764,0.0007053846153845661,0.0035492307692307767,0.005529743589743577,0.012515897435897413,0.012811025641025625,0.0140525641025641,0.013212820512820508,0.014275641025641009,0.013822051282051273
453.0,0.0,0.003427435897435868,0.004368461538461529,0.006893333333333321,0.004599230769230758,0.0008153846153845928,0.0031792307692307675,0.005619743589743584,0.012255897435897417,0.012651025641025632,0.013762564102564101,0.012582820512820517,0.014005641025641002,0.01354205128205127
452.0,0.0,0.0032774358974359125,0.004518461538461541,0.006483333333333355,0.0038592307692307953,0.00039538461538458913,0.00238923076923081,0.004649743589743613,0.011785897435897433,0.011491025641025665,0.013222564102564116,0.011622820512820542,0.01343564102564103,0.012612051282051298
451.0,0.0,0.003307435897435887,0.004138461538461549,0.0067733333333333395,0.003589230769230775,0.00012538461538459666,0.0019792307692307887,0.0040297435897436035,0.010905897435897427,0.011331025641025644,0.012692564102564113,0.011182820512820532,0.012595641025641022,0.011602051282051287
450.0,0.0,0.004057435897435888,0.004158461538461541,0.0067733333333333395,0.0038692307692307776,6.538461538459217e-05,0.0022792307692307834,0.003929743589743587,0.011305897435897425,0.011131025641025652,0.012262564102564114,0.011012820512820529,0.012125641025641024,0.011642051282051286
449.0,0.0,0.004347435897435872,0.004558461538461525,0.006783333333333322,0.0038492307692307576,0.00011461538461542131,0.0020592307692307854,0.004179743589743587,0.011395897435897404,0.011051025641025627,0.011922564102564093,0.010742820512820508,0.012075641025641001,0.011342051282051277
448.0,0.0,0.003447435897435888,0.004178461538461534,0.00573333333333334,0.0030792307692307647,0.0008646153846153942,0.001239230769230798,0.003529743589743603,0.010405897435897427,0.010231025641025654,0.011122564102564111,0.009892820512820533,0.011195641025641023,0.010492051282051287
447.0,0.0,0.0035874358974358894,0.0040384615384615324,0.005843333333333339,0.0029492307692307734,0.0011346153846154144,0.0010492307692307745,0.003169743589743604,0.00988589743589742,0.009841025641025639,0.01080256410256411,0.009512820512820527,0.01066564102564102,0.009992051282051287
446.0,0.0,0.003437435897435878,0.004098461538461537,0.006263333333333329,0.002919230769230771,0.0011146153846154222,0.0005892307692307863,0.002689743589743568,0.010015897435897411,0.009801025641025626,0.010492564102564092,0.009482820512820511,0.010365641025640998,0.00957205128205127
445.0,0.0,0.003867435897435878,0.004238461538461538,0.006133333333333324,0.0027292307692307755,0.0014646153846154114,0.0005292307692307818,0.0029897435897435765,0.009755897435897415,0.009101025641025634,0.0104025641025641,0.009092820512820524,0.010015641025641009,0.009132051282051273
444.0,0.0,0.004267435897435876,0.003878461538461511,0.005823333333333319,0.0028392307692307467,0.0016446153846154249,0.00019923076923078487,0.002599743589743575,0.009135897435897405,0.008881025641025622,0.010132564102564093,0.008432820512820516,0.009735641025641006,0.00896205128205127
443.0,0.0,0.004107435897435882,0.003648461538461531,0.005833333333333329,0.002119230769230776,0.0017846153846154261,0.0001807692307692066,0.002279743589743588,0.00902589743589742,0.008521025641025637,0.009692564102564097,0.008072820512820517,0.009255641025641012,0.008262051282051278
442.0,0.0,0.0041574358974358905,0.004148461538461545,0.006263333333333343,0.0023592307692307662,0.0020246153846154163,0.00010076923076920985,0.0020897435897435923,0.009045897435897426,0.008611025641025644,0.00981256410256412,0.008232820512820538,0.009025641025641018,0.007402051282051292
441.0,0.0,0.004307435897435888,0.003958461538461536,0.006013333333333343,0.0022792307692307695,0.0024746153846154223,0.0003307692307692178,0.002069743589743586,0.008745897435897418,0.008051025641025639,0.009222564102564113,0.007422820512820533,0.008525641025641018,0.006382051282051285
440.0,0.0,0.004147435897435894,0.0037384615384615377,0.005863333333333345,0.0019592307692307825,0.0026146153846153958,0.0006307692307692125,0.0015797435897435957,0.008485897435897435,0.007621025641025653,0.009172564102564118,0.007182820512820529,0.008425641025641015,0.008502051282051296
439.0,0.0,0.004197435897435889,0.003868461538461529,0.005603333333333321,0.001879230769230758,0.0026146153846154235,0.0007107692307692093,0.0015797435897435819,0.008655897435897411,0.007851025641025633,0.008972564102564098,0.007342820512820522,0.008135641025641002,0.007282051282051283
438.0,0.0,0.004017435897435903,0.0035984615384615365,0.005393333333333347,0.00168923076923079,0.0031646153846154185,0.0012007692307691997,0.001059743589743603,0.008055897435897422,0.0072610256410256535,0.008592564102564107,0.006872820512820538,0.007635641025641016,0.006662051282051287
437.0,0.0,0.004147435897435894,0.0038484615384615367,0.005463333333333334,0.0013292307692307631,0.003214615384615413,0.0015107692307692044,0.0009397435897435941,0.008125897435897422,0.007161025641025637,0.0084325641025641,0.006742820512820519,0.007455641025641016,0.006852051282051283
436.0,0.0,0.004287435897435896,0.003658461538461541,0.005833333333333343,0.0014292307692307799,0.0034046153846154087,0.0015407692307692067,0.0015197435897435912,0.007865897435897426,0.007061025641025648,0.008132564102564119,0.006362820512820527,0.007115641025641023,0.0060120512820512895
435.0,0.0,0.00408743589743589,0.0033884615384615346,0.005473333333333344,0.0007892307692307782,0.0035846153846153944,0.0016407692307692234,0.0006397435897435994,0.00784589743589742,0.007061025641025648,0.00794256410256411,0.006202820512820534,0.006985641025641018,0.006192051282051289
434.0,0.0,0.0041374358974358705,0.003638461538461521,0.005653333333333316,0.0011492307692307635,0.00380461538461542,0.001800769230769217,0.0007297435897435783,0.0076858974358974125,0.006991025641025633,0.008122564102564095,0.006042820512820513,0.006785641025640998,0.005962051282051267
433.0,0.0,0.004217435897435895,0.0032784615384615357,0.004993333333333336,0.0005792307692307763,0.004144615384615427,0.002360769230769222,0.0004297435897435836,0.007525897435897419,0.0064510256410256345,0.007472564102564111,0.005722820512820526,0.006435641025641009,0.005422051282051282
432.0,0.0,0.004027435897435899,0.0034784615384615414,0.005433333333333332,0.0010392307692307784,0.004434615384615398,0.001920769230769212,0.0005697435897435849,0.007425897435897416,0.0064610256410256445,0.007782564102564102,0.005562820512820532,0.006855641025641013,0.006042051282051278
431.0,0.0,0.004127435897435888,0.0035684615384615342,0.0055333333333333345,0.0008592307692307788,0.004254615384615412,0.002240769230769199,8.974358974359053e-05,0.007405897435897424,0.006341025641025649,0.007242564102564117,0.005482820512820535,0.0062756410256410156,0.0057820512820512815
430.0,0.0,0.004437435897435893,0.0035984615384615365,0.0050833333333333425,0.0006592307692307731,0.004264615384615408,0.0020007692307692226,2.974358974359992e-05,0.00717589743589743,0.006251025641025643,0.007542564102564112,0.005482820512820535,0.006285641025641012,0.006102051282051282
429.0,0.0,0.0038074358974358874,0.0033784615384615246,0.004953333333333337,0.0005392307692307641,0.004964615384615428,0.0024307692307692225,0.0004202564102564199,0.006835897435897423,0.0061210256410256375,0.007312564102564104,0.005222820512820525,0.006045641025641008,0.0058920512820512805
428.0,0.0,0.004017435897435875,0.003518461538461526,0.005013333333333328,0.0006192307692307608,0.004684615384615412,0.002510769230769233,0.00015025641025641356,0.007105897435897415,0.005951025641025634,0.007172564102564102,0.005062820512820518,0.006005641025641009,0.005682051282051279
427.0,0.0,0.004037435897435895,0.0033984615384615308,0.005253333333333332,0.00041923076923076896,0.004604615384615401,0.0024307692307692225,0.00037025641025641154,0.006995897435897416,0.005851025641025645,0.007062564102564103,0.005012820512820523,0.005915641025641016,0.005422051282051282
426.0,0.0,0.0041574358974358905,0.0037184615384615316,0.00504333333333333,0.0006492307692307769,0.004674615384615416,0.0022207692307692067,0.00020025641025640806,0.007265897435897423,0.006141025641025644,0.007272564102564105,0.005292820512820526,0.005965641025641011,0.00564205128205128
425.0,0.0,0.004107435897435896,0.0034884615384615375,0.005353333333333335,0.00034923076923076835,0.004304615384615407,0.0026307692307692004,0.0001602564102564097,0.007335897435897423,0.005991025641025646,0.007262564102564109,0.005092820512820534,0.00582564102564101,0.006032051282051282
424.0,0.0,0.004037435897435895,0.003768461538461526,0.0052933333333333304,0.0002492307692307655,0.004794615384615425,0.0030807692307692064,0.00032025641025641705,0.00716589743589742,0.005621025641025637,0.007712564102564101,0.004862820512820526,0.006025641025641015,0.005282051282051281
423.0,0.0,0.004557435897435888,0.00393846153846153,0.0054133333333333256,0.00022923076923075936,0.004474615384615424,0.002680769230769209,0.0004202564102564199,0.007285897435897415,0.005771025641025634,0.0072925641025640975,0.005062820512820518,0.006205641025641001,0.004732051282051272
422.0,0.0,0.004467435897435895,0.0034684615384615314,0.005633333333333337,0.0001492307692307765,0.004584615384615409,0.002720769230769207,0.0006102564102564156,0.007325897435897427,0.005981025641025636,0.0073025641025641075,0.005162820512820521,0.006185641025641009,0.005172051282051282
421.0,0.0,0.004707435897435885,0.0037884615384615322,0.005563333333333337,0.00017076923076922434,0.00465461538461541,0.0029907692307692135,0.0008002564102564114,0.0073558974358974155,0.006141025641025644,0.00758256410256411,0.004872820512820522,0.005975641025641007,0.005052051282051287
420.0,0.0,0.004557435897435888,0.0036184615384615287,0.005523333333333338,0.00027923076923076773,0.004534615384615415,0.0026607692307692027,0.0002302564102564103,0.007565897435897417,0.006061025641025647,0.007252564102564113,0.005112820512820526,0.005795641025641007,0.004612051282051277
419.0,0.0,0.00518743589743588,0.003878461538461525,0.006053333333333327,0.00023923076923076936,0.004824615384615427,0.0021807692307692222,0.0003102564102564209,0.0077958974358974115,0.006321025641025629,0.007652564102564097,0.005222820512820525,0.005905641025641006,0.005452051282051271
418.0,0.0,0.004797435897435878,0.003858461538461533,0.006073333333333333,0.00034923076923076835,0.004914615384615406,0.002930769230769223,0.0007302564102564107,0.007515897435897409,0.005941025641025638,0.0075125641025640955,0.005192820512820523,0.005795641025641007,0.005112051282051278
417.0,0.0,0.0047174358974358815,0.003738461538461524,0.006023333333333325,0.00030923076923077,0.00467461538461543,0.0028907692307692245,0.0004202564102564199,0.007525897435897419,0.006021025641025635,0.007652564102564097,0.005082820512820524,0.006045641025641008,0.0050920512820512714
416.0,0.0,0.005147435897435881,0.0037184615384615316,0.005923333333333336,0.00034923076923076835,0.0050646153846154035,0.0027807692307692256,0.0005602564102564073,0.00784589743589742,0.005871025641025637,0.007642564102564101,0.005052820512820522,0.005635641025641014,0.0053320512820512755
415.0,0.0,0.005027435897435886,0.004078461538461531,0.006063333333333337,0.0002192307692307771,0.004824615384615413,0.00282076923076921,0.0006702564102564063,0.007215897435897414,0.005991025641025646,0.007442564102564109,0.004962820512820529,0.005625641025641018,0.0054520512820512845
414.0,0.0,0.005377435897435889,0.003918461538461537,0.006273333333333339,9.23076923077526e-06,0.004794615384615411,0.0028607692307691945,0.0007302564102564107,0.0072558974358974265,0.0056710256410256454,0.007602564102564116,0.005112820512820526,0.005845641025641016,0.005442051282051288
413.0,0.0,0.004907435897435891,0.0033484615384615363,0.0056533333333333435,2.9230769230781384e-05,0.0052746153846153915,0.0032807692307691982,0.0010802564102564,0.007495897435897431,0.005641025641025643,0.007372564102564108,0.0048128205128205315,0.005685641025641022,0.004872051282051287
412.0,0.0,0.004857435897435897,0.0036284615384615387,0.006013333333333329,6.923076923077975e-05,0.0055046153846153995,0.0032307692307692037,0.0007702564102564091,0.0072558974358974265,0.005501025641025642,0.007422564102564103,0.005132820512820532,0.005665641025641016,0.005182051282051278
411.0,0.0,0.0052774358974358865,0.003908461538461527,0.0063033333333333275,6.0769230769239235e-05,0.00516461538461542,0.003270769230769216,0.0004102564102564099,0.007535897435897415,0.00571102564102563,0.007372564102564094,0.005512820512820524,0.005705641025641001,0.005232051282051273
410.0,0.0,0.005167435897435901,0.003928461538461547,0.0060933333333333395,0.00033076923076920395,0.005594615384615406,0.0032407692307692137,0.0009002564102564004,0.007565897435897431,0.005841025641025649,0.007302564102564121,0.004992820512820531,0.005695641025641018,0.005072051282051293
409.0,0.0,0.005387435897435899,0.00395846153846155,0.0062133333333333485,0.0003107692307692117,0.005704615384615405,0.0035307692307691985,0.0007102564102564046,0.007315897435897431,0.005431025641025655,0.007712564102564115,0.005022820512820533,0.005735641025641017,0.004912051282051286
408.0,0.0,0.005567435897435885,0.004308461538461525,0.00633333333333333,2.0769230769226987e-05,0.0055246153846154195,0.003270769230769216,0.0011502564102564145,0.007745897435897417,0.005601025641025631,0.007842564102564106,0.004792820512820525,0.005615641025641008,0.005242051282051283
407.0,0.0,0.005427435897435884,0.004018461538461526,0.0059733333333333305,0.00030076923076922946,0.005744615384615417,0.0033407692307692305,0.000990256410256407,0.007525897435897419,0.005731025641025636,0.0077525641025640996,0.0048028205128205215,0.005425641025641012,0.005182051282051278
406.0,0.0,0.005907435897435892,0.0042684615384615265,0.006493333333333337,0.00010923076923076425,0.005604615384615416,0.0028407692307692023,0.000870256410256412,0.008065897435897418,0.006161025641025636,0.008242564102564104,0.005252820512820527,0.005915641025641016,0.005182051282051278
405.0,0.0,0.005237435897435902,0.004108461538461533,0.0065533333333333416,0.0003307692307692317,0.0060046153846154,0.0033407692307692027,0.0010802564102564,0.0075858974358974235,0.005861025641025641,0.0077525641025641134,0.005112820512820526,0.005765641025641019,0.004862051282051291
404.0,0.0,0.005367435897435879,0.00374846153846152,0.005773333333333325,0.0005607692307692397,0.006114615384615427,0.003830769230769221,0.0016402564102564188,0.007525897435897419,0.005301025641025636,0.007582564102564096,0.004442820512820522,0.004995641025641012,0.004582051282051275
403.0,0.0,0.005577435897435895,0.004148461538461545,0.006623333333333342,0.0002607692307692172,0.006024615384615392,0.0035707692307692107,0.0011302564102563945,0.007735897435897435,0.00530102564102565,0.007662564102564121,0.005032820512820543,0.005625641025641018,0.0052320512820513004
402.0,0.0,0.005587435897435877,0.0044884615384615245,0.006543333333333318,0.0006907692307692309,0.005914615384615421,0.0034507692307692295,0.0010302564102564193,0.007715897435897415,0.005511025641025624,0.007872564102564095,0.005202820512820519,0.005525641025641001,0.005102051282051268
401.0,0.0,0.005677435897435884,0.004568461538461521,0.006603333333333322,0.0006707692307692387,0.006074615384615414,0.0035607692307692285,0.0014802564102564253,0.00808589743589741,0.005741025641025632,0.007722564102564097,0.005182820512820513,0.005515641025641005,0.005102051282051268
400.0,0.0,0.005777435897435887,0.004218461538461532,0.006773333333333326,9.076923076924148e-05,0.005914615384615421,0.004100769230769213,0.0009602564102564187,0.007695897435897409,0.0056610256410256354,0.007842564102564092,0.005352820512820516,0.005615641025641008,0.005052051282051273
